Region,Hour,Fuel,value
DE,1,Power,21.312
FR,1,Power,44.25
NO,1,Power,13.958
DK,1,Power,7.4639999999999995
UK,1,Power,18.792
DE,1,Heat,87.552
FR,1,Heat,20.544
NO,1,Heat,6.283999999999999
DK,1,Heat,19.535999999999998
UK,1,Heat,52.916999999999994
DE,1,Coal,0.0
FR,1,Coal,0.0
NO,1,Coal,0.0
DK,1,Coal,0.0
UK,1,Coal,0.0
DE,1,Gas,0.0
FR,1,Gas,0.0
NO,1,Gas,0.0
DK,1,Gas,0.0
UK,1,Gas,0.0
DE,1,H2,10.0
FR,1,H2,8.333333333333334
NO,1,H2,2.5
DK,1,H2,1.6666666666666667
UK,1,H2,6.666666666666667
DE,1,Mobility,12.18
FR,1,Mobility,10.149999999999999
NO,1,Mobility,1.67475
DK,1,Mobility,1.827
UK,1,Mobility,9.135
DE,2,Power,26.927999999999997
FR,2,Power,49.35
NO,2,Power,14.812000000000001
DK,2,Power,8.08
UK,2,Power,22.275000000000002
DE,2,Heat,113.50800000000001
FR,2,Heat,20.904000000000003
NO,2,Heat,6.32
DK,2,Heat,19.704
UK,2,Heat,53.785000000000004
DE,2,Coal,0.0
FR,2,Coal,0.0
NO,2,Coal,0.0
DK,2,Coal,0.0
UK,2,Coal,0.0
DE,2,Gas,0.0
FR,2,Gas,0.0
NO,2,Gas,0.0
DK,2,Gas,0.0
UK,2,Gas,0.0
DE,2,H2,10.0
FR,2,H2,8.333333333333334
NO,2,H2,2.5
DK,2,H2,1.6666666666666667
UK,2,H2,6.666666666666667
DE,2,Mobility,11.207999999999998
FR,2,Mobility,9.34
NO,2,Mobility,1.5411
DK,2,Mobility,1.6811999999999998
UK,2,Mobility,8.405999999999999
DE,3,Power,36.684
FR,3,Power,59.550000000000004
NO,3,Power,16.674
DK,3,Power,9.728
UK,3,Power,28.566000000000003
DE,3,Heat,104.508
FR,3,Heat,21.395999999999997
NO,3,Heat,6.343999999999999
DK,3,Heat,19.848
UK,3,Heat,54.963
DE,3,Coal,0.0
FR,3,Coal,0.0
NO,3,Coal,0.0
DK,3,Coal,0.0
UK,3,Coal,0.0
DE,3,Gas,0.0
FR,3,Gas,0.0
NO,3,Gas,0.0
DK,3,Gas,0.0
UK,3,Gas,0.0
DE,3,H2,10.0
FR,3,H2,8.333333333333334
NO,3,H2,2.5
DK,3,H2,1.6666666666666667
UK,3,H2,6.666666666666667
DE,3,Mobility,10.728
FR,3,Mobility,8.94
NO,3,Mobility,1.4751
DK,3,Mobility,1.6092
UK,3,Mobility,8.046
DE,4,Power,35.424
FR,4,Power,59.550000000000004
NO,4,Power,17.22
DK,4,Power,8.984
UK,4,Power,29.592
DE,4,Heat,98.64
FR,4,Heat,19.848
NO,4,Heat,6.012
DK,4,Heat,18.648
UK,4,Heat,51.025999999999996
DE,4,Coal,0.0
FR,4,Coal,0.0
NO,4,Coal,0.0
DK,4,Coal,0.0
UK,4,Coal,0.0
DE,4,Gas,0.0
FR,4,Gas,0.0
NO,4,Gas,0.0
DK,4,Gas,0.0
UK,4,Gas,0.0
DE,4,H2,10.0
FR,4,H2,8.333333333333334
NO,4,H2,2.5
DK,4,H2,1.6666666666666667
UK,4,H2,6.666666666666667
DE,4,Mobility,10.26
FR,4,Mobility,8.55
NO,4,Mobility,1.41075
DK,4,Mobility,1.5390000000000001
UK,4,Mobility,7.695
DE,5,Power,36.827999999999996
FR,5,Power,63.6
NO,5,Power,18.354
DK,5,Power,9.696
UK,5,Power,31.968
DE,5,Heat,72.828
FR,5,Heat,17.94
NO,5,Heat,5.668
DK,5,Heat,17.400000000000002
UK,5,Heat,46.097
DE,5,Coal,0.0
FR,5,Coal,0.0
NO,5,Coal,0.0
DK,5,Coal,0.0
UK,5,Coal,0.0
DE,5,Gas,0.0
FR,5,Gas,0.0
NO,5,Gas,0.0
DK,5,Gas,0.0
UK,5,Gas,0.0
DE,5,H2,10.0
FR,5,H2,8.333333333333334
NO,5,H2,2.5
DK,5,H2,1.6666666666666667
UK,5,H2,6.666666666666667
DE,5,Mobility,11.688
FR,5,Mobility,9.74
NO,5,Mobility,1.6071
DK,5,Mobility,1.7532
UK,5,Mobility,8.766
DE,6,Power,33.948
FR,6,Power,64.6
NO,6,Power,18.578
DK,6,Power,9.264
UK,6,Power,31.752
DE,6,Heat,79.23599999999999
FR,6,Heat,16.176000000000002
NO,6,Heat,5.416
DK,6,Heat,16.488
UK,6,Heat,41.602
DE,6,Coal,0.0
FR,6,Coal,0.0
NO,6,Coal,0.0
DK,6,Coal,0.0
UK,6,Coal,0.0
DE,6,Gas,0.0
FR,6,Gas,0.0
NO,6,Gas,0.0
DK,6,Gas,0.0
UK,6,Gas,0.0
DE,6,H2,10.0
FR,6,H2,8.333333333333334
NO,6,H2,2.5
DK,6,H2,1.6666666666666667
UK,6,H2,6.666666666666667
DE,6,Mobility,13.152
FR,6,Mobility,10.959999999999999
NO,6,Mobility,1.8083999999999998
DK,6,Mobility,1.9727999999999999
UK,6,Mobility,9.863999999999999
DE,7,Power,39.132
FR,7,Power,68.7
NO,7,Power,20.118000000000002
DK,7,Power,10.616
UK,7,Power,34.748999999999995
DE,7,Heat,93.168
FR,7,Heat,14.831999999999999
NO,7,Heat,5.312
DK,7,Heat,16.092
UK,7,Heat,38.13
DE,7,Coal,0.0
FR,7,Coal,0.0
NO,7,Coal,0.0
DK,7,Coal,0.0
UK,7,Coal,0.0
DE,7,Gas,0.0
FR,7,Gas,0.0
NO,7,Gas,0.0
DK,7,Gas,0.0
UK,7,Gas,0.0
DE,7,H2,10.0
FR,7,H2,8.333333333333334
NO,7,H2,2.5
DK,7,H2,1.6666666666666667
UK,7,H2,6.666666666666667
DE,7,Mobility,17.16
FR,7,Mobility,14.3
NO,7,Mobility,2.3595
DK,7,Mobility,2.574
UK,7,Mobility,12.870000000000001
DE,8,Power,38.304
FR,8,Power,67.3
NO,8,Power,19.95
DK,8,Power,10.176
UK,8,Power,34.181999999999995
DE,8,Heat,95.112
FR,8,Heat,14.136000000000001
NO,8,Heat,5.312
DK,8,Heat,16.080000000000002
UK,8,Heat,36.332
DE,8,Coal,0.0
FR,8,Coal,0.0
NO,8,Coal,0.0
DK,8,Coal,0.0
UK,8,Coal,0.0
DE,8,Gas,0.0
FR,8,Gas,0.0
NO,8,Gas,0.0
DK,8,Gas,0.0
UK,8,Gas,0.0
DE,8,H2,10.0
FR,8,H2,8.333333333333334
NO,8,H2,2.5
DK,8,H2,1.6666666666666667
UK,8,H2,6.666666666666667
DE,8,Mobility,21.828000000000003
FR,8,Mobility,18.19
NO,8,Mobility,3.0013500000000004
DK,8,Mobility,3.2742000000000004
UK,8,Mobility,16.371000000000002
DE,9,Power,40.967999999999996
FR,9,Power,64.45
NO,9,Power,19.488
DK,9,Power,10.688
UK,9,Power,34.668
DE,9,Heat,94.24799999999999
FR,9,Heat,14.232000000000001
NO,9,Heat,5.428
DK,9,Heat,16.488
UK,9,Heat,36.58
DE,9,Coal,0.0
FR,9,Coal,0.0
NO,9,Coal,0.0
DK,9,Coal,0.0
UK,9,Coal,0.0
DE,9,Gas,0.0
FR,9,Gas,0.0
NO,9,Gas,0.0
DK,9,Gas,0.0
UK,9,Gas,0.0
DE,9,H2,10.0
FR,9,H2,8.333333333333334
NO,9,H2,2.5
DK,9,H2,1.6666666666666667
UK,9,H2,6.666666666666667
DE,9,Mobility,24.492
FR,9,Mobility,20.41
NO,9,Mobility,3.3676500000000003
DK,9,Mobility,3.6738000000000004
UK,9,Mobility,18.369
DE,10,Power,39.744
FR,10,Power,60.5
NO,10,Power,17.598
DK,10,Power,10.904
UK,10,Power,33.345
DE,10,Heat,74.628
FR,10,Heat,13.488
NO,10,Heat,5.328
DK,10,Heat,16.032
UK,10,Heat,34.782000000000004
DE,10,Coal,0.0
FR,10,Coal,0.0
NO,10,Coal,0.0
DK,10,Coal,0.0
UK,10,Coal,0.0
DE,10,Gas,0.0
FR,10,Gas,0.0
NO,10,Gas,0.0
DK,10,Gas,0.0
UK,10,Gas,0.0
DE,10,H2,10.0
FR,10,H2,8.333333333333334
NO,10,H2,2.5
DK,10,H2,1.6666666666666667
UK,10,H2,6.666666666666667
DE,10,Mobility,22.884
FR,10,Mobility,19.07
NO,10,Mobility,3.14655
DK,10,Mobility,3.4326
UK,10,Mobility,17.163
DE,11,Power,36.036
FR,11,Power,57.7
NO,11,Power,16.548000000000002
DK,11,Power,11.064
UK,11,Power,32.4
DE,11,Heat,57.74399999999999
FR,11,Heat,13.116000000000001
NO,11,Heat,5.276
DK,11,Heat,15.792
UK,11,Heat,33.914
DE,11,Coal,0.0
FR,11,Coal,0.0
NO,11,Coal,0.0
DK,11,Coal,0.0
UK,11,Coal,0.0
DE,11,Gas,0.0
FR,11,Gas,0.0
NO,11,Gas,0.0
DK,11,Gas,0.0
UK,11,Gas,0.0
DE,11,H2,10.0
FR,11,H2,8.333333333333334
NO,11,H2,2.5
DK,11,H2,1.6666666666666667
UK,11,H2,6.666666666666667
DE,11,Mobility,16.644000000000002
FR,11,Mobility,13.870000000000001
NO,11,Mobility,2.28855
DK,11,Mobility,2.4966
UK,11,Mobility,12.483
DE,12,Power,37.332
FR,12,Power,61.15
NO,12,Power,16.576
DK,12,Power,11.192
UK,12,Power,33.426
DE,12,Heat,38.196
FR,12,Heat,12.66
NO,12,Heat,5.204000000000001
DK,12,Heat,15.48
UK,12,Heat,32.86
DE,12,Coal,0.0
FR,12,Coal,0.0
NO,12,Coal,0.0
DK,12,Coal,0.0
UK,12,Coal,0.0
DE,12,Gas,0.0
FR,12,Gas,0.0
NO,12,Gas,0.0
DK,12,Gas,0.0
UK,12,Gas,0.0
DE,12,H2,10.0
FR,12,H2,8.333333333333334
NO,12,H2,2.5
DK,12,H2,1.6666666666666667
UK,12,H2,6.666666666666667
DE,12,Mobility,11.207999999999998
FR,12,Mobility,9.34
NO,12,Mobility,1.5411
DK,12,Mobility,1.6811999999999998
UK,12,Mobility,8.405999999999999
DE,13,Power,34.272000000000006
FR,13,Power,62.6
NO,13,Power,16.715999999999998
DK,13,Power,9.968
UK,13,Power,32.886
DE,13,Heat,32.364
FR,13,Heat,13.596
NO,13,Heat,5.367999999999999
DK,13,Heat,16.080000000000002
UK,13,Heat,35.247
DE,13,Coal,0.0
FR,13,Coal,0.0
NO,13,Coal,0.0
DK,13,Coal,0.0
UK,13,Coal,0.0
DE,13,Gas,0.0
FR,13,Gas,0.0
NO,13,Gas,0.0
DK,13,Gas,0.0
UK,13,Gas,0.0
DE,13,H2,10.0
FR,13,H2,8.333333333333334
NO,13,H2,2.5
DK,13,H2,1.6666666666666667
UK,13,H2,6.666666666666667
DE,13,Mobility,7.032
FR,13,Mobility,5.859999999999999
NO,13,Mobility,0.9669
DK,13,Mobility,1.0548
UK,13,Mobility,5.274
DE,14,Power,36.108000000000004
FR,14,Power,63.05
NO,14,Power,17.038
DK,14,Power,9.415999999999999
UK,14,Power,33.696
DE,14,Heat,38.339999999999996
FR,14,Heat,14.34
NO,14,Heat,5.504
DK,14,Heat,16.584
UK,14,Heat,37.169000000000004
DE,14,Coal,0.0
FR,14,Coal,0.0
NO,14,Coal,0.0
DK,14,Coal,0.0
UK,14,Coal,0.0
DE,14,Gas,0.0
FR,14,Gas,0.0
NO,14,Gas,0.0
DK,14,Gas,0.0
UK,14,Gas,0.0
DE,14,H2,10.0
FR,14,H2,8.333333333333334
NO,14,H2,2.5
DK,14,H2,1.6666666666666667
UK,14,H2,6.666666666666667
DE,14,Mobility,4.452
FR,14,Mobility,3.7100000000000004
NO,14,Mobility,0.6121500000000001
DK,14,Mobility,0.6678000000000001
UK,14,Mobility,3.339
DE,15,Power,32.760000000000005
FR,15,Power,59.65
NO,15,Power,16.324
DK,15,Power,7.824000000000001
UK,15,Power,30.564
DE,15,Heat,38.196
FR,15,Heat,15.095999999999998
NO,15,Heat,5.612
DK,15,Heat,16.98
UK,15,Heat,39.153
DE,15,Coal,0.0
FR,15,Coal,0.0
NO,15,Coal,0.0
DK,15,Coal,0.0
UK,15,Coal,0.0
DE,15,Gas,0.0
FR,15,Gas,0.0
NO,15,Gas,0.0
DK,15,Gas,0.0
UK,15,Gas,0.0
DE,15,H2,10.0
FR,15,H2,8.333333333333334
NO,15,H2,2.5
DK,15,H2,1.6666666666666667
UK,15,H2,6.666666666666667
DE,15,Mobility,2.8680000000000003
FR,15,Mobility,2.39
NO,15,Mobility,0.39435000000000003
DK,15,Mobility,0.4302
UK,15,Mobility,2.1510000000000002
DE,16,Power,32.292
FR,16,Power,59.0
NO,16,Power,15.26
DK,16,Power,7.048
UK,16,Power,28.889999999999997
DE,16,Heat,44.46
FR,16,Heat,15.755999999999998
NO,16,Heat,5.7
DK,16,Heat,17.291999999999998
UK,16,Heat,40.827
DE,16,Coal,0.0
FR,16,Coal,0.0
NO,16,Coal,0.0
DK,16,Coal,0.0
UK,16,Coal,0.0
DE,16,Gas,0.0
FR,16,Gas,0.0
NO,16,Gas,0.0
DK,16,Gas,0.0
UK,16,Gas,0.0
DE,16,H2,10.0
FR,16,H2,8.333333333333334
NO,16,H2,2.5
DK,16,H2,1.6666666666666667
UK,16,H2,6.666666666666667
DE,16,Mobility,1.476
FR,16,Mobility,1.23
NO,16,Mobility,0.20295
DK,16,Mobility,0.22139999999999999
UK,16,Mobility,1.107
DE,17,Power,29.916
FR,17,Power,59.0
NO,17,Power,14.434
DK,17,Power,5.928
UK,17,Power,25.11
DE,17,Heat,34.199999999999996
FR,17,Heat,16.416
NO,17,Heat,5.6000000000000005
DK,17,Heat,16.98
UK,17,Heat,42.532
DE,17,Coal,0.0
FR,17,Coal,0.0
NO,17,Coal,0.0
DK,17,Coal,0.0
UK,17,Coal,0.0
DE,17,Gas,0.0
FR,17,Gas,0.0
NO,17,Gas,0.0
DK,17,Gas,0.0
UK,17,Gas,0.0
DE,17,H2,10.0
FR,17,H2,8.333333333333334
NO,17,H2,2.5
DK,17,H2,1.6666666666666667
UK,17,H2,6.666666666666667
DE,17,Mobility,1.2240000000000002
FR,17,Mobility,1.02
NO,17,Mobility,0.1683
DK,17,Mobility,0.1836
UK,17,Mobility,0.918
DE,18,Power,26.28
FR,18,Power,59.699999999999996
NO,18,Power,13.677999999999999
DK,18,Power,5.464
UK,18,Power,22.923
DE,18,Heat,42.228
FR,18,Heat,16.788
NO,18,Heat,5.636
DK,18,Heat,17.112000000000002
UK,18,Heat,43.461999999999996
DE,18,Coal,0.0
FR,18,Coal,0.0
NO,18,Coal,0.0
DK,18,Coal,0.0
UK,18,Coal,0.0
DE,18,Gas,0.0
FR,18,Gas,0.0
NO,18,Gas,0.0
DK,18,Gas,0.0
UK,18,Gas,0.0
DE,18,H2,10.0
FR,18,H2,8.333333333333334
NO,18,H2,2.5
DK,18,H2,1.6666666666666667
UK,18,H2,6.666666666666667
DE,18,Mobility,1.2240000000000002
FR,18,Mobility,1.02
NO,18,Mobility,0.1683
DK,18,Mobility,0.1836
UK,18,Mobility,0.918
DE,19,Power,25.2
FR,19,Power,59.550000000000004
NO,19,Power,13.342
DK,19,Power,4.92
UK,19,Power,21.761999999999997
DE,19,Heat,49.571999999999996
FR,19,Heat,17.1
NO,19,Heat,5.680000000000001
DK,19,Heat,17.256
UK,19,Heat,44.268
DE,19,Coal,0.0
FR,19,Coal,0.0
NO,19,Coal,0.0
DK,19,Coal,0.0
UK,19,Coal,0.0
DE,19,Gas,0.0
FR,19,Gas,0.0
NO,19,Gas,0.0
DK,19,Gas,0.0
UK,19,Gas,0.0
DE,19,H2,10.0
FR,19,H2,8.333333333333334
NO,19,H2,2.5
DK,19,H2,1.6666666666666667
UK,19,H2,6.666666666666667
DE,19,Mobility,1.476
FR,19,Mobility,1.23
NO,19,Mobility,0.20295
DK,19,Mobility,0.22139999999999999
UK,19,Mobility,1.107
DE,20,Power,21.456
FR,20,Power,55.6
NO,20,Power,12.334
DK,20,Power,4.5760000000000005
UK,20,Power,20.601
DE,20,Heat,60.084
FR,20,Heat,17.376
NO,20,Heat,5.86
DK,20,Heat,17.892
UK,20,Heat,44.95
DE,20,Coal,0.0
FR,20,Coal,0.0
NO,20,Coal,0.0
DK,20,Coal,0.0
UK,20,Coal,0.0
DE,20,Gas,0.0
FR,20,Gas,0.0
NO,20,Gas,0.0
DK,20,Gas,0.0
UK,20,Gas,0.0
DE,20,H2,10.0
FR,20,H2,8.333333333333334
NO,20,H2,2.5
DK,20,H2,1.6666666666666667
UK,20,H2,6.666666666666667
DE,20,Mobility,2.1359999999999997
FR,20,Mobility,1.7799999999999998
NO,20,Mobility,0.29369999999999996
DK,20,Mobility,0.32039999999999996
UK,20,Mobility,1.6019999999999999
DE,21,Power,22.176
FR,21,Power,48.599999999999994
NO,21,Power,12.18
DK,21,Power,4.488
UK,21,Power,19.791
DE,21,Heat,55.944
FR,21,Heat,17.64
NO,21,Heat,5.888
DK,21,Heat,18.0
UK,21,Heat,45.632
DE,21,Coal,0.0
FR,21,Coal,0.0
NO,21,Coal,0.0
DK,21,Coal,0.0
UK,21,Coal,0.0
DE,21,Gas,0.0
FR,21,Gas,0.0
NO,21,Gas,0.0
DK,21,Gas,0.0
UK,21,Gas,0.0
DE,21,H2,10.0
FR,21,H2,8.333333333333334
NO,21,H2,2.5
DK,21,H2,1.6666666666666667
UK,21,H2,6.666666666666667
DE,21,Mobility,2.8680000000000003
FR,21,Mobility,2.39
NO,21,Mobility,0.39435000000000003
DK,21,Mobility,0.4302
UK,21,Mobility,2.1510000000000002
DE,22,Power,21.096
FR,22,Power,41.25
NO,22,Power,12.404
DK,22,Power,4.744000000000001
UK,22,Power,18.036
DE,22,Heat,52.812000000000005
FR,22,Heat,17.868000000000002
NO,22,Heat,5.896
DK,22,Heat,18.036
UK,22,Heat,46.221
DE,22,Coal,0.0
FR,22,Coal,0.0
NO,22,Coal,0.0
DK,22,Coal,0.0
UK,22,Coal,0.0
DE,22,Gas,0.0
FR,22,Gas,0.0
NO,22,Gas,0.0
DK,22,Gas,0.0
UK,22,Gas,0.0
DE,22,H2,10.0
FR,22,H2,8.333333333333334
NO,22,H2,2.5
DK,22,H2,1.6666666666666667
UK,22,H2,6.666666666666667
DE,22,Mobility,5.292
FR,22,Mobility,4.41
NO,22,Mobility,0.72765
DK,22,Mobility,0.7938
UK,22,Mobility,3.969
DE,23,Power,26.172
FR,23,Power,43.949999999999996
NO,23,Power,13.706
DK,23,Power,5.856
UK,23,Power,18.792
DE,23,Heat,50.076
FR,23,Heat,18.06
NO,23,Heat,5.912
DK,23,Heat,18.096
UK,23,Heat,46.717
DE,23,Coal,0.0
FR,23,Coal,0.0
NO,23,Coal,0.0
DK,23,Coal,0.0
UK,23,Coal,0.0
DE,23,Gas,0.0
FR,23,Gas,0.0
NO,23,Gas,0.0
DK,23,Gas,0.0
UK,23,Gas,0.0
DE,23,H2,10.0
FR,23,H2,8.333333333333334
NO,23,H2,2.5
DK,23,H2,1.6666666666666667
UK,23,H2,6.666666666666667
DE,23,Mobility,10.728
FR,23,Mobility,8.94
NO,23,Mobility,1.4751
DK,23,Mobility,1.6092
UK,23,Mobility,8.046
DE,24,Power,30.563999999999997
FR,24,Power,54.2
NO,24,Power,15.75
DK,24,Power,7.4959999999999996
UK,24,Power,20.439
DE,24,Heat,49.068
FR,24,Heat,18.3
NO,24,Heat,5.924
DK,24,Heat,18.144
UK,24,Heat,47.337
DE,24,Coal,0.0
FR,24,Coal,0.0
NO,24,Coal,0.0
DK,24,Coal,0.0
UK,24,Coal,0.0
DE,24,Gas,0.0
FR,24,Gas,0.0
NO,24,Gas,0.0
DK,24,Gas,0.0
UK,24,Gas,0.0
DE,24,H2,10.0
FR,24,H2,8.333333333333334
NO,24,H2,2.5
DK,24,H2,1.6666666666666667
UK,24,H2,6.666666666666667
DE,24,Mobility,13.644
FR,24,Mobility,11.37
NO,24,Mobility,1.87605
DK,24,Mobility,2.0466
UK,24,Mobility,10.233
DE,25,Power,35.532000000000004
FR,25,Power,63.25
NO,25,Power,17.024
DK,25,Power,9.312
UK,25,Power,24.381
DE,25,Heat,47.376
FR,25,Heat,19.788
NO,25,Heat,6.164
DK,25,Heat,19.080000000000002
UK,25,Heat,50.995
DE,25,Coal,0.0
FR,25,Coal,0.0
NO,25,Coal,0.0
DK,25,Coal,0.0
UK,25,Coal,0.0
DE,25,Gas,0.0
FR,25,Gas,0.0
NO,25,Gas,0.0
DK,25,Gas,0.0
UK,25,Gas,0.0
DE,25,H2,10.0
FR,25,H2,8.333333333333334
NO,25,H2,2.5
DK,25,H2,1.6666666666666667
UK,25,H2,6.666666666666667
DE,25,Mobility,14.64
FR,25,Mobility,12.200000000000001
NO,25,Mobility,2.0130000000000003
DK,25,Mobility,2.196
UK,25,Mobility,10.98
DE,26,Power,37.908
FR,26,Power,64.4
NO,26,Power,17.71
DK,26,Power,9.959999999999999
UK,26,Power,27.432000000000002
DE,26,Heat,45.431999999999995
FR,26,Heat,20.904000000000003
NO,26,Heat,6.32
DK,26,Heat,19.704
UK,26,Heat,53.785000000000004
DE,26,Coal,0.0
FR,26,Coal,0.0
NO,26,Coal,0.0
DK,26,Coal,0.0
UK,26,Coal,0.0
DE,26,Gas,0.0
FR,26,Gas,0.0
NO,26,Gas,0.0
DK,26,Gas,0.0
UK,26,Gas,0.0
DE,26,H2,10.0
FR,26,H2,8.333333333333334
NO,26,H2,2.5
DK,26,H2,1.6666666666666667
UK,26,H2,6.666666666666667
DE,26,Mobility,11.207999999999998
FR,26,Mobility,9.34
NO,26,Mobility,1.5411
DK,26,Mobility,1.6811999999999998
UK,26,Mobility,8.405999999999999
DE,27,Power,34.128
FR,27,Power,55.55
NO,27,Power,16.338
DK,27,Power,8.927999999999999
UK,27,Power,28.053
DE,27,Heat,41.112
FR,27,Heat,21.395999999999997
NO,27,Heat,6.343999999999999
DK,27,Heat,19.848
UK,27,Heat,54.963
DE,27,Coal,0.0
FR,27,Coal,0.0
NO,27,Coal,0.0
DK,27,Coal,0.0
UK,27,Coal,0.0
DE,27,Gas,0.0
FR,27,Gas,0.0
NO,27,Gas,0.0
DK,27,Gas,0.0
UK,27,Gas,0.0
DE,27,H2,10.0
FR,27,H2,8.333333333333334
NO,27,H2,2.5
DK,27,H2,1.6666666666666667
UK,27,H2,6.666666666666667
DE,27,Mobility,10.728
FR,27,Mobility,8.94
NO,27,Mobility,1.4751
DK,27,Mobility,1.6092
UK,27,Mobility,8.046
DE,28,Power,35.208
FR,28,Power,54.599999999999994
NO,28,Power,15.47
DK,28,Power,8.4
UK,28,Power,29.781
DE,28,Heat,34.488
FR,28,Heat,19.848
NO,28,Heat,6.012
DK,28,Heat,18.648
UK,28,Heat,51.025999999999996
DE,28,Coal,0.0
FR,28,Coal,0.0
NO,28,Coal,0.0
DK,28,Coal,0.0
UK,28,Coal,0.0
DE,28,Gas,0.0
FR,28,Gas,0.0
NO,28,Gas,0.0
DK,28,Gas,0.0
UK,28,Gas,0.0
DE,28,H2,10.0
FR,28,H2,8.333333333333334
NO,28,H2,2.5
DK,28,H2,1.6666666666666667
UK,28,H2,6.666666666666667
DE,28,Mobility,10.26
FR,28,Mobility,8.55
NO,28,Mobility,1.41075
DK,28,Mobility,1.5390000000000001
UK,28,Mobility,7.695
DE,29,Power,31.031999999999996
FR,29,Power,52.5
NO,29,Power,13.692
DK,29,Power,7.192
UK,29,Power,28.08
DE,29,Heat,24.336000000000002
FR,29,Heat,17.94
NO,29,Heat,5.668
DK,29,Heat,17.400000000000002
UK,29,Heat,46.097
DE,29,Coal,0.0
FR,29,Coal,0.0
NO,29,Coal,0.0
DK,29,Coal,0.0
UK,29,Coal,0.0
DE,29,Gas,0.0
FR,29,Gas,0.0
NO,29,Gas,0.0
DK,29,Gas,0.0
UK,29,Gas,0.0
DE,29,H2,10.0
FR,29,H2,8.333333333333334
NO,29,H2,2.5
DK,29,H2,1.6666666666666667
UK,29,H2,6.666666666666667
DE,29,Mobility,11.688
FR,29,Mobility,9.74
NO,29,Mobility,1.6071
DK,29,Mobility,1.7532
UK,29,Mobility,8.766
DE,30,Power,34.92
FR,30,Power,55.5
NO,30,Power,13.468
DK,30,Power,7.576
UK,30,Power,29.538
DE,30,Heat,18.684
FR,30,Heat,12.600000000000001
NO,30,Heat,4.208
DK,30,Heat,12.792
UK,30,Heat,33.542
DE,30,Coal,0.0
FR,30,Coal,0.0
NO,30,Coal,0.0
DK,30,Coal,0.0
UK,30,Coal,0.0
DE,30,Gas,0.0
FR,30,Gas,0.0
NO,30,Gas,0.0
DK,30,Gas,0.0
UK,30,Gas,0.0
DE,30,H2,10.0
FR,30,H2,8.333333333333334
NO,30,H2,2.5
DK,30,H2,1.6666666666666667
UK,30,H2,6.666666666666667
DE,30,Mobility,13.152
FR,30,Mobility,10.959999999999999
NO,30,Mobility,1.8083999999999998
DK,30,Mobility,1.9727999999999999
UK,30,Mobility,9.863999999999999
DE,31,Power,34.74
FR,31,Power,53.699999999999996
NO,31,Power,12.866
DK,31,Power,6.688
UK,31,Power,28.053
DE,31,Heat,10.404
FR,31,Heat,8.028
NO,31,Heat,2.876
DK,31,Heat,8.676
UK,31,Heat,22.660999999999998
DE,31,Coal,0.0
FR,31,Coal,0.0
NO,31,Coal,0.0
DK,31,Coal,0.0
UK,31,Coal,0.0
DE,31,Gas,0.0
FR,31,Gas,0.0
NO,31,Gas,0.0
DK,31,Gas,0.0
UK,31,Gas,0.0
DE,31,H2,10.0
FR,31,H2,8.333333333333334
NO,31,H2,2.5
DK,31,H2,1.6666666666666667
UK,31,H2,6.666666666666667
DE,31,Mobility,17.16
FR,31,Mobility,14.3
NO,31,Mobility,2.3595
DK,31,Mobility,2.574
UK,31,Mobility,12.870000000000001
DE,32,Power,37.763999999999996
FR,32,Power,51.85
NO,32,Power,13.062
DK,32,Power,6.895999999999999
UK,32,Power,28.997999999999998
DE,32,Heat,9.899999999999999
FR,32,Heat,4.332
NO,32,Heat,1.664
DK,32,Heat,4.98
UK,32,Heat,13.826
DE,32,Coal,0.0
FR,32,Coal,0.0
NO,32,Coal,0.0
DK,32,Coal,0.0
UK,32,Coal,0.0
DE,32,Gas,0.0
FR,32,Gas,0.0
NO,32,Gas,0.0
DK,32,Gas,0.0
UK,32,Gas,0.0
DE,32,H2,10.0
FR,32,H2,8.333333333333334
NO,32,H2,2.5
DK,32,H2,1.6666666666666667
UK,32,H2,6.666666666666667
DE,32,Mobility,21.828000000000003
FR,32,Mobility,18.19
NO,32,Mobility,3.0013500000000004
DK,32,Mobility,3.2742000000000004
UK,32,Mobility,16.371000000000002
DE,33,Power,37.332
FR,33,Power,49.15
NO,33,Power,13.075999999999999
DK,33,Power,7.376
UK,33,Power,29.295
DE,33,Heat,8.136
FR,33,Heat,4.104
NO,33,Heat,1.6320000000000001
DK,33,Heat,4.8839999999999995
UK,33,Heat,13.051
DE,33,Coal,0.0
FR,33,Coal,0.0
NO,33,Coal,0.0
DK,33,Coal,0.0
UK,33,Coal,0.0
DE,33,Gas,0.0
FR,33,Gas,0.0
NO,33,Gas,0.0
DK,33,Gas,0.0
UK,33,Gas,0.0
DE,33,H2,10.0
FR,33,H2,8.333333333333334
NO,33,H2,2.5
DK,33,H2,1.6666666666666667
UK,33,H2,6.666666666666667
DE,33,Mobility,24.492
FR,33,Mobility,20.41
NO,33,Mobility,3.3676500000000003
DK,33,Mobility,3.6738000000000004
UK,33,Mobility,18.369
DE,34,Power,32.22
FR,34,Power,39.8
NO,34,Power,12.95
DK,34,Power,7.6
UK,34,Power,27.027
DE,34,Heat,13.824
FR,34,Heat,4.056
NO,34,Heat,1.664
DK,34,Heat,4.98
UK,34,Heat,12.927
DE,34,Coal,0.0
FR,34,Coal,0.0
NO,34,Coal,0.0
DK,34,Coal,0.0
UK,34,Coal,0.0
DE,34,Gas,0.0
FR,34,Gas,0.0
NO,34,Gas,0.0
DK,34,Gas,0.0
UK,34,Gas,0.0
DE,34,H2,10.0
FR,34,H2,8.333333333333334
NO,34,H2,2.5
DK,34,H2,1.6666666666666667
UK,34,H2,6.666666666666667
DE,34,Mobility,22.884
FR,34,Mobility,19.07
NO,34,Mobility,3.14655
DK,34,Mobility,3.4326
UK,34,Mobility,17.163
DE,35,Power,31.968000000000004
FR,35,Power,35.25
NO,35,Power,12.474
DK,35,Power,7.576
UK,35,Power,26.325
DE,35,Heat,13.212
FR,35,Heat,4.176
NO,35,Heat,1.76
DK,35,Heat,5.292
UK,35,Heat,13.299000000000001
DE,35,Coal,0.0
FR,35,Coal,0.0
NO,35,Coal,0.0
DK,35,Coal,0.0
UK,35,Coal,0.0
DE,35,Gas,0.0
FR,35,Gas,0.0
NO,35,Gas,0.0
DK,35,Gas,0.0
UK,35,Gas,0.0
DE,35,H2,10.0
FR,35,H2,8.333333333333334
NO,35,H2,2.5
DK,35,H2,1.6666666666666667
UK,35,H2,6.666666666666667
DE,35,Mobility,16.644000000000002
FR,35,Mobility,13.870000000000001
NO,35,Mobility,2.28855
DK,35,Mobility,2.4966
UK,35,Mobility,12.483
DE,36,Power,28.403999999999996
FR,36,Power,31.849999999999998
NO,36,Power,11.606
DK,36,Power,6.456
UK,36,Power,23.247
DE,36,Heat,19.008
FR,36,Heat,4.5
NO,36,Heat,1.892
DK,36,Heat,5.724
UK,36,Heat,14.352999999999998
DE,36,Coal,0.0
FR,36,Coal,0.0
NO,36,Coal,0.0
DK,36,Coal,0.0
UK,36,Coal,0.0
DE,36,Gas,0.0
FR,36,Gas,0.0
NO,36,Gas,0.0
DK,36,Gas,0.0
UK,36,Gas,0.0
DE,36,H2,10.0
FR,36,H2,8.333333333333334
NO,36,H2,2.5
DK,36,H2,1.6666666666666667
UK,36,H2,6.666666666666667
DE,36,Mobility,11.207999999999998
FR,36,Mobility,9.34
NO,36,Mobility,1.5411
DK,36,Mobility,1.6811999999999998
UK,36,Mobility,8.405999999999999
DE,37,Power,31.176
FR,37,Power,35.4
NO,37,Power,11.27
DK,37,Power,6.5040000000000004
UK,37,Power,24.407999999999998
DE,37,Heat,18.684
FR,37,Heat,5.136
NO,37,Heat,2.072
DK,37,Heat,6.324000000000001
UK,37,Heat,16.337
DE,37,Coal,0.0
FR,37,Coal,0.0
NO,37,Coal,0.0
DK,37,Coal,0.0
UK,37,Coal,0.0
DE,37,Gas,0.0
FR,37,Gas,0.0
NO,37,Gas,0.0
DK,37,Gas,0.0
UK,37,Gas,0.0
DE,37,H2,10.0
FR,37,H2,8.333333333333334
NO,37,H2,2.5
DK,37,H2,1.6666666666666667
UK,37,H2,6.666666666666667
DE,37,Mobility,7.032
FR,37,Mobility,5.859999999999999
NO,37,Mobility,0.9669
DK,37,Mobility,1.0548
UK,37,Mobility,5.274
DE,38,Power,28.368
FR,38,Power,36.85
NO,38,Power,11.032
DK,38,Power,5.848
UK,38,Power,23.517000000000003
DE,38,Heat,28.944000000000003
FR,38,Heat,5.22
NO,38,Heat,2.088
DK,38,Heat,6.288
UK,38,Heat,16.492
DE,38,Coal,0.0
FR,38,Coal,0.0
NO,38,Coal,0.0
DK,38,Coal,0.0
UK,38,Coal,0.0
DE,38,Gas,0.0
FR,38,Gas,0.0
NO,38,Gas,0.0
DK,38,Gas,0.0
UK,38,Gas,0.0
DE,38,H2,10.0
FR,38,H2,8.333333333333334
NO,38,H2,2.5
DK,38,H2,1.6666666666666667
UK,38,H2,6.666666666666667
DE,38,Mobility,4.452
FR,38,Mobility,3.7100000000000004
NO,38,Mobility,0.6121500000000001
DK,38,Mobility,0.6678000000000001
UK,38,Mobility,3.339
DE,39,Power,28.152
FR,39,Power,39.449999999999996
NO,39,Power,11.018
DK,39,Power,5.576
UK,39,Power,23.679
DE,39,Heat,37.763999999999996
FR,39,Heat,5.316
NO,39,Heat,2.12
DK,39,Heat,6.276000000000001
UK,39,Heat,16.740000000000002
DE,39,Coal,0.0
FR,39,Coal,0.0
NO,39,Coal,0.0
DK,39,Coal,0.0
UK,39,Coal,0.0
DE,39,Gas,0.0
FR,39,Gas,0.0
NO,39,Gas,0.0
DK,39,Gas,0.0
UK,39,Gas,0.0
DE,39,H2,10.0
FR,39,H2,8.333333333333334
NO,39,H2,2.5
DK,39,H2,1.6666666666666667
UK,39,H2,6.666666666666667
DE,39,Mobility,2.8680000000000003
FR,39,Mobility,2.39
NO,39,Mobility,0.39435000000000003
DK,39,Mobility,0.4302
UK,39,Mobility,2.1510000000000002
DE,40,Power,24.804000000000002
FR,40,Power,38.4
NO,40,Power,10.752
DK,40,Power,4.5440000000000005
UK,40,Power,20.898
DE,40,Heat,36.720000000000006
FR,40,Heat,5.196
NO,40,Heat,2.176
DK,40,Heat,6.300000000000001
UK,40,Heat,16.306
DE,40,Coal,0.0
FR,40,Coal,0.0
NO,40,Coal,0.0
DK,40,Coal,0.0
UK,40,Coal,0.0
DE,40,Gas,0.0
FR,40,Gas,0.0
NO,40,Gas,0.0
DK,40,Gas,0.0
UK,40,Gas,0.0
DE,40,H2,10.0
FR,40,H2,8.333333333333334
NO,40,H2,2.5
DK,40,H2,1.6666666666666667
UK,40,H2,6.666666666666667
DE,40,Mobility,1.476
FR,40,Mobility,1.23
NO,40,Mobility,0.20295
DK,40,Mobility,0.22139999999999999
UK,40,Mobility,1.107
DE,41,Power,21.744
FR,41,Power,34.15
NO,41,Power,10.206
DK,41,Power,3.872
UK,41,Power,17.415
DE,41,Heat,32.796
FR,41,Heat,5.724
NO,41,Heat,2.392
DK,41,Heat,6.959999999999999
UK,41,Heat,17.949
DE,41,Coal,0.0
FR,41,Coal,0.0
NO,41,Coal,0.0
DK,41,Coal,0.0
UK,41,Coal,0.0
DE,41,Gas,0.0
FR,41,Gas,0.0
NO,41,Gas,0.0
DK,41,Gas,0.0
UK,41,Gas,0.0
DE,41,H2,10.0
FR,41,H2,8.333333333333334
NO,41,H2,2.5
DK,41,H2,1.6666666666666667
UK,41,H2,6.666666666666667
DE,41,Mobility,1.2240000000000002
FR,41,Mobility,1.02
NO,41,Mobility,0.1683
DK,41,Mobility,0.1836
UK,41,Mobility,0.918
DE,42,Power,19.836000000000002
FR,42,Power,27.5
NO,42,Power,9.338
DK,42,Power,3.096
UK,42,Power,14.741999999999999
DE,42,Heat,17.712
FR,42,Heat,6.300000000000001
NO,42,Heat,2.56
DK,42,Heat,7.4639999999999995
UK,42,Heat,19.747
DE,42,Coal,0.0
FR,42,Coal,0.0
NO,42,Coal,0.0
DK,42,Coal,0.0
UK,42,Coal,0.0
DE,42,Gas,0.0
FR,42,Gas,0.0
NO,42,Gas,0.0
DK,42,Gas,0.0
UK,42,Gas,0.0
DE,42,H2,10.0
FR,42,H2,8.333333333333334
NO,42,H2,2.5
DK,42,H2,1.6666666666666667
UK,42,H2,6.666666666666667
DE,42,Mobility,1.2240000000000002
FR,42,Mobility,1.02
NO,42,Mobility,0.1683
DK,42,Mobility,0.1836
UK,42,Mobility,0.918
DE,43,Power,17.928
FR,43,Power,23.65
NO,43,Power,8.736
DK,43,Power,1.992
UK,43,Power,13.095
DE,43,Heat,14.184
FR,43,Heat,7.056
NO,43,Heat,2.664
DK,43,Heat,7.788
UK,43,Heat,21.948
DE,43,Coal,0.0
FR,43,Coal,0.0
NO,43,Coal,0.0
DK,43,Coal,0.0
UK,43,Coal,0.0
DE,43,Gas,0.0
FR,43,Gas,0.0
NO,43,Gas,0.0
DK,43,Gas,0.0
UK,43,Gas,0.0
DE,43,H2,10.0
FR,43,H2,8.333333333333334
NO,43,H2,2.5
DK,43,H2,1.6666666666666667
UK,43,H2,6.666666666666667
DE,43,Mobility,1.476
FR,43,Mobility,1.23
NO,43,Mobility,0.20295
DK,43,Mobility,0.22139999999999999
UK,43,Mobility,1.107
DE,44,Power,18.756
FR,44,Power,23.5
NO,44,Power,8.778
DK,44,Power,2.328
UK,44,Power,13.365
DE,44,Heat,9.828
FR,44,Heat,7.74
NO,44,Heat,2.76
DK,44,Heat,8.088000000000001
UK,44,Heat,23.963
DE,44,Coal,0.0
FR,44,Coal,0.0
NO,44,Coal,0.0
DK,44,Coal,0.0
UK,44,Coal,0.0
DE,44,Gas,0.0
FR,44,Gas,0.0
NO,44,Gas,0.0
DK,44,Gas,0.0
UK,44,Gas,0.0
DE,44,H2,10.0
FR,44,H2,8.333333333333334
NO,44,H2,2.5
DK,44,H2,1.6666666666666667
UK,44,H2,6.666666666666667
DE,44,Mobility,2.1359999999999997
FR,44,Mobility,1.7799999999999998
NO,44,Mobility,0.29369999999999996
DK,44,Mobility,0.32039999999999996
UK,44,Mobility,1.6019999999999999
DE,45,Power,18.684
FR,45,Power,24.599999999999998
NO,45,Power,8.357999999999999
DK,45,Power,2.536
UK,45,Power,13.176
DE,45,Heat,16.488
FR,45,Heat,8.363999999999999
NO,45,Heat,2.856
DK,45,Heat,8.388
UK,45,Heat,25.699
DE,45,Coal,0.0
FR,45,Coal,0.0
NO,45,Coal,0.0
DK,45,Coal,0.0
UK,45,Coal,0.0
DE,45,Gas,0.0
FR,45,Gas,0.0
NO,45,Gas,0.0
DK,45,Gas,0.0
UK,45,Gas,0.0
DE,45,H2,10.0
FR,45,H2,8.333333333333334
NO,45,H2,2.5
DK,45,H2,1.6666666666666667
UK,45,H2,6.666666666666667
DE,45,Mobility,2.8680000000000003
FR,45,Mobility,2.39
NO,45,Mobility,0.39435000000000003
DK,45,Mobility,0.4302
UK,45,Mobility,2.1510000000000002
DE,46,Power,21.96
FR,46,Power,29.55
NO,46,Power,8.357999999999999
DK,46,Power,3.864
UK,46,Power,13.472999999999999
DE,46,Heat,19.548
FR,46,Heat,10.08
NO,46,Heat,3.2
DK,46,Heat,9.623999999999999
UK,46,Heat,30.349
DE,46,Coal,0.0
FR,46,Coal,0.0
NO,46,Coal,0.0
DK,46,Coal,0.0
UK,46,Coal,0.0
DE,46,Gas,0.0
FR,46,Gas,0.0
NO,46,Gas,0.0
DK,46,Gas,0.0
UK,46,Gas,0.0
DE,46,H2,10.0
FR,46,H2,8.333333333333334
NO,46,H2,2.5
DK,46,H2,1.6666666666666667
UK,46,H2,6.666666666666667
DE,46,Mobility,5.292
FR,46,Mobility,4.41
NO,46,Mobility,0.72765
DK,46,Mobility,0.7938
UK,46,Mobility,3.969
DE,47,Power,26.172
FR,47,Power,35.85
NO,47,Power,8.736
DK,47,Power,4.152
UK,47,Power,14.444999999999999
DE,47,Heat,18.035999999999998
FR,47,Heat,11.712
NO,47,Heat,3.4479999999999995
DK,47,Heat,10.572000000000001
UK,47,Heat,34.689
DE,47,Coal,0.0
FR,47,Coal,0.0
NO,47,Coal,0.0
DK,47,Coal,0.0
UK,47,Coal,0.0
DE,47,Gas,0.0
FR,47,Gas,0.0
NO,47,Gas,0.0
DK,47,Gas,0.0
UK,47,Gas,0.0
DE,47,H2,10.0
FR,47,H2,8.333333333333334
NO,47,H2,2.5
DK,47,H2,1.6666666666666667
UK,47,H2,6.666666666666667
DE,47,Mobility,10.728
FR,47,Mobility,8.94
NO,47,Mobility,1.4751
DK,47,Mobility,1.6092
UK,47,Mobility,8.046
DE,48,Power,32.4
FR,48,Power,41.5
NO,48,Power,9.786
DK,48,Power,4.776
UK,48,Power,14.688
DE,48,Heat,13.932
FR,48,Heat,12.852
NO,48,Heat,3.5520000000000005
DK,48,Heat,11.088
UK,48,Heat,37.727000000000004
DE,48,Coal,0.0
FR,48,Coal,0.0
NO,48,Coal,0.0
DK,48,Coal,0.0
UK,48,Coal,0.0
DE,48,Gas,0.0
FR,48,Gas,0.0
NO,48,Gas,0.0
DK,48,Gas,0.0
UK,48,Gas,0.0
DE,48,H2,10.0
FR,48,H2,8.333333333333334
NO,48,H2,2.5
DK,48,H2,1.6666666666666667
UK,48,H2,6.666666666666667
DE,48,Mobility,13.644
FR,48,Mobility,11.37
NO,48,Mobility,1.87605
DK,48,Mobility,2.0466
UK,48,Mobility,10.233
DE,49,Power,32.760000000000005
FR,49,Power,44.55
NO,49,Power,10.178
DK,49,Power,5.448
UK,49,Power,18.171
DE,49,Heat,9.216000000000001
FR,49,Heat,12.072
NO,49,Heat,3.248
DK,49,Heat,10.139999999999999
UK,49,Heat,35.712
DE,49,Coal,0.0
FR,49,Coal,0.0
NO,49,Coal,0.0
DK,49,Coal,0.0
UK,49,Coal,0.0
DE,49,Gas,0.0
FR,49,Gas,0.0
NO,49,Gas,0.0
DK,49,Gas,0.0
UK,49,Gas,0.0
DE,49,H2,10.0
FR,49,H2,8.333333333333334
NO,49,H2,2.5
DK,49,H2,1.6666666666666667
UK,49,H2,6.666666666666667
DE,49,Mobility,14.64
FR,49,Mobility,12.200000000000001
NO,49,Mobility,2.0130000000000003
DK,49,Mobility,2.196
UK,49,Mobility,10.98
DE,50,Power,27.9
FR,50,Power,38.85
NO,50,Power,9.324
DK,50,Power,5.552
UK,50,Power,18.117
DE,50,Heat,9.36
FR,50,Heat,10.836
NO,50,Heat,2.888
DK,50,Heat,9.0
UK,50,Heat,32.550000000000004
DE,50,Coal,0.0
FR,50,Coal,0.0
NO,50,Coal,0.0
DK,50,Coal,0.0
UK,50,Coal,0.0
DE,50,Gas,0.0
FR,50,Gas,0.0
NO,50,Gas,0.0
DK,50,Gas,0.0
UK,50,Gas,0.0
DE,50,H2,10.0
FR,50,H2,8.333333333333334
NO,50,H2,2.5
DK,50,H2,1.6666666666666667
UK,50,H2,6.666666666666667
DE,50,Mobility,11.207999999999998
FR,50,Mobility,9.34
NO,50,Mobility,1.5411
DK,50,Mobility,1.6811999999999998
UK,50,Mobility,8.405999999999999
DE,51,Power,28.296000000000003
FR,51,Power,38.15
NO,51,Power,9.198
DK,51,Power,5.800000000000001
UK,51,Power,21.761999999999997
DE,51,Heat,6.4799999999999995
FR,51,Heat,9.384
NO,51,Heat,2.528
DK,51,Heat,7.836
UK,51,Heat,28.674999999999997
DE,51,Coal,0.0
FR,51,Coal,0.0
NO,51,Coal,0.0
DK,51,Coal,0.0
UK,51,Coal,0.0
DE,51,Gas,0.0
FR,51,Gas,0.0
NO,51,Gas,0.0
DK,51,Gas,0.0
UK,51,Gas,0.0
DE,51,H2,10.0
FR,51,H2,8.333333333333334
NO,51,H2,2.5
DK,51,H2,1.6666666666666667
UK,51,H2,6.666666666666667
DE,51,Mobility,10.728
FR,51,Mobility,8.94
NO,51,Mobility,1.4751
DK,51,Mobility,1.6092
UK,51,Mobility,8.046
DE,52,Power,29.016
FR,52,Power,33.85
NO,52,Power,8.848
DK,52,Power,5.504
UK,52,Power,20.412
DE,52,Heat,6.4799999999999995
FR,52,Heat,7.812
NO,52,Heat,2.236
DK,52,Heat,6.8759999999999994
UK,52,Heat,24.273
DE,52,Coal,0.0
FR,52,Coal,0.0
NO,52,Coal,0.0
DK,52,Coal,0.0
UK,52,Coal,0.0
DE,52,Gas,0.0
FR,52,Gas,0.0
NO,52,Gas,0.0
DK,52,Gas,0.0
UK,52,Gas,0.0
DE,52,H2,10.0
FR,52,H2,8.333333333333334
NO,52,H2,2.5
DK,52,H2,1.6666666666666667
UK,52,H2,6.666666666666667
DE,52,Mobility,10.26
FR,52,Mobility,8.55
NO,52,Mobility,1.41075
DK,52,Mobility,1.5390000000000001
UK,52,Mobility,7.695
DE,53,Power,35.208
FR,53,Power,37.35
NO,53,Power,9.366
DK,53,Power,6.296
UK,53,Power,23.247
DE,53,Heat,6.0120000000000005
FR,53,Heat,6.276000000000001
NO,53,Heat,2.02
DK,53,Heat,6.144
UK,53,Heat,19.809
DE,53,Coal,0.0
FR,53,Coal,0.0
NO,53,Coal,0.0
DK,53,Coal,0.0
UK,53,Coal,0.0
DE,53,Gas,0.0
FR,53,Gas,0.0
NO,53,Gas,0.0
DK,53,Gas,0.0
UK,53,Gas,0.0
DE,53,H2,10.0
FR,53,H2,8.333333333333334
NO,53,H2,2.5
DK,53,H2,1.6666666666666667
UK,53,H2,6.666666666666667
DE,53,Mobility,11.688
FR,53,Mobility,9.74
NO,53,Mobility,1.6071
DK,53,Mobility,1.7532
UK,53,Mobility,8.766
DE,54,Power,34.128
FR,54,Power,36.050000000000004
NO,54,Power,9.184
DK,54,Power,6.696000000000001
UK,54,Power,22.896
DE,54,Heat,6.0120000000000005
FR,54,Heat,5.232
NO,54,Heat,1.872
DK,54,Heat,5.652
UK,54,Heat,16.647
DE,54,Coal,0.0
FR,54,Coal,0.0
NO,54,Coal,0.0
DK,54,Coal,0.0
UK,54,Coal,0.0
DE,54,Gas,0.0
FR,54,Gas,0.0
NO,54,Gas,0.0
DK,54,Gas,0.0
UK,54,Gas,0.0
DE,54,H2,10.0
FR,54,H2,8.333333333333334
NO,54,H2,2.5
DK,54,H2,1.6666666666666667
UK,54,H2,6.666666666666667
DE,54,Mobility,13.152
FR,54,Mobility,10.959999999999999
NO,54,Mobility,1.8083999999999998
DK,54,Mobility,1.9727999999999999
UK,54,Mobility,9.863999999999999
DE,55,Power,37.26
FR,55,Power,37.550000000000004
NO,55,Power,9.408000000000001
DK,55,Power,6.968000000000001
UK,55,Power,24.381
DE,55,Heat,6.0120000000000005
FR,55,Heat,4.6080000000000005
NO,55,Heat,1.76
DK,55,Heat,5.292
UK,55,Heat,14.725
DE,55,Coal,0.0
FR,55,Coal,0.0
NO,55,Coal,0.0
DK,55,Coal,0.0
UK,55,Coal,0.0
DE,55,Gas,0.0
FR,55,Gas,0.0
NO,55,Gas,0.0
DK,55,Gas,0.0
UK,55,Gas,0.0
DE,55,H2,10.0
FR,55,H2,8.333333333333334
NO,55,H2,2.5
DK,55,H2,1.6666666666666667
UK,55,H2,6.666666666666667
DE,55,Mobility,17.16
FR,55,Mobility,14.3
NO,55,Mobility,2.3595
DK,55,Mobility,2.574
UK,55,Mobility,12.870000000000001
DE,56,Power,37.403999999999996
FR,56,Power,36.7
NO,56,Power,9.1
DK,56,Power,6.632000000000001
UK,56,Power,24.435000000000002
DE,56,Heat,6.0120000000000005
FR,56,Heat,4.332
NO,56,Heat,1.664
DK,56,Heat,4.98
UK,56,Heat,13.826
DE,56,Coal,0.0
FR,56,Coal,0.0
NO,56,Coal,0.0
DK,56,Coal,0.0
UK,56,Coal,0.0
DE,56,Gas,0.0
FR,56,Gas,0.0
NO,56,Gas,0.0
DK,56,Gas,0.0
UK,56,Gas,0.0
DE,56,H2,10.0
FR,56,H2,8.333333333333334
NO,56,H2,2.5
DK,56,H2,1.6666666666666667
UK,56,H2,6.666666666666667
DE,56,Mobility,21.828000000000003
FR,56,Mobility,18.19
NO,56,Mobility,3.0013500000000004
DK,56,Mobility,3.2742000000000004
UK,56,Mobility,16.371000000000002
DE,57,Power,32.508
FR,57,Power,32.15
NO,57,Power,8.666
DK,57,Power,6.208
UK,57,Power,22.923
DE,57,Heat,6.0120000000000005
FR,57,Heat,4.104
NO,57,Heat,1.6320000000000001
DK,57,Heat,4.8839999999999995
UK,57,Heat,13.051
DE,57,Coal,0.0
FR,57,Coal,0.0
NO,57,Coal,0.0
DK,57,Coal,0.0
UK,57,Coal,0.0
DE,57,Gas,0.0
FR,57,Gas,0.0
NO,57,Gas,0.0
DK,57,Gas,0.0
UK,57,Gas,0.0
DE,57,H2,10.0
FR,57,H2,8.333333333333334
NO,57,H2,2.5
DK,57,H2,1.6666666666666667
UK,57,H2,6.666666666666667
DE,57,Mobility,24.492
FR,57,Mobility,20.41
NO,57,Mobility,3.3676500000000003
DK,57,Mobility,3.6738000000000004
UK,57,Mobility,18.369
DE,58,Power,30.456000000000003
FR,58,Power,31.5
NO,58,Power,8.568
DK,58,Power,5.952
UK,58,Power,23.139
DE,58,Heat,6.0120000000000005
FR,58,Heat,4.056
NO,58,Heat,1.664
DK,58,Heat,4.98
UK,58,Heat,12.927
DE,58,Coal,0.0
FR,58,Coal,0.0
NO,58,Coal,0.0
DK,58,Coal,0.0
UK,58,Coal,0.0
DE,58,Gas,0.0
FR,58,Gas,0.0
NO,58,Gas,0.0
DK,58,Gas,0.0
UK,58,Gas,0.0
DE,58,H2,10.0
FR,58,H2,8.333333333333334
NO,58,H2,2.5
DK,58,H2,1.6666666666666667
UK,58,H2,6.666666666666667
DE,58,Mobility,22.884
FR,58,Mobility,19.07
NO,58,Mobility,3.14655
DK,58,Mobility,3.4326
UK,58,Mobility,17.163
DE,59,Power,25.488
FR,59,Power,28.400000000000002
NO,59,Power,8.288
DK,59,Power,5.144
UK,59,Power,21.006
DE,59,Heat,6.0120000000000005
FR,59,Heat,4.176
NO,59,Heat,1.76
DK,59,Heat,5.292
UK,59,Heat,13.299000000000001
DE,59,Coal,0.0
FR,59,Coal,0.0
NO,59,Coal,0.0
DK,59,Coal,0.0
UK,59,Coal,0.0
DE,59,Gas,0.0
FR,59,Gas,0.0
NO,59,Gas,0.0
DK,59,Gas,0.0
UK,59,Gas,0.0
DE,59,H2,10.0
FR,59,H2,8.333333333333334
NO,59,H2,2.5
DK,59,H2,1.6666666666666667
UK,59,H2,6.666666666666667
DE,59,Mobility,16.644000000000002
FR,59,Mobility,13.870000000000001
NO,59,Mobility,2.28855
DK,59,Mobility,2.4966
UK,59,Mobility,12.483
DE,60,Power,28.727999999999998
FR,60,Power,31.25
NO,60,Power,8.484
DK,60,Power,5.448
UK,60,Power,22.491000000000003
DE,60,Heat,6.0120000000000005
FR,60,Heat,3.4680000000000004
NO,60,Heat,1.476
DK,60,Heat,4.332
UK,60,Heat,10.664
DE,60,Coal,0.0
FR,60,Coal,0.0
NO,60,Coal,0.0
DK,60,Coal,0.0
UK,60,Coal,0.0
DE,60,Gas,0.0
FR,60,Gas,0.0
NO,60,Gas,0.0
DK,60,Gas,0.0
UK,60,Gas,0.0
DE,60,H2,10.0
FR,60,H2,8.333333333333334
NO,60,H2,2.5
DK,60,H2,1.6666666666666667
UK,60,H2,6.666666666666667
DE,60,Mobility,11.207999999999998
FR,60,Mobility,9.34
NO,60,Mobility,1.5411
DK,60,Mobility,1.6811999999999998
UK,60,Mobility,8.405999999999999
DE,61,Power,27.072
FR,61,Power,29.4
NO,61,Power,8.162
DK,61,Power,5.4
UK,61,Power,20.979
DE,61,Heat,6.3
FR,61,Heat,2.7479999999999998
NO,61,Heat,1.212
DK,61,Heat,3.4799999999999995
UK,61,Heat,8.029
DE,61,Coal,0.0
FR,61,Coal,0.0
NO,61,Coal,0.0
DK,61,Coal,0.0
UK,61,Coal,0.0
DE,61,Gas,0.0
FR,61,Gas,0.0
NO,61,Gas,0.0
DK,61,Gas,0.0
UK,61,Gas,0.0
DE,61,H2,10.0
FR,61,H2,8.333333333333334
NO,61,H2,2.5
DK,61,H2,1.6666666666666667
UK,61,H2,6.666666666666667
DE,61,Mobility,7.032
FR,61,Mobility,5.859999999999999
NO,61,Mobility,0.9669
DK,61,Mobility,1.0548
UK,61,Mobility,5.274
DE,62,Power,28.764000000000003
FR,62,Power,32.75
NO,62,Power,8.316
DK,62,Power,6.024
UK,62,Power,21.708000000000002
DE,62,Heat,6.984
FR,62,Heat,2.028
NO,62,Heat,0.88
DK,62,Heat,2.388
UK,62,Heat,5.301
DE,62,Coal,0.0
FR,62,Coal,0.0
NO,62,Coal,0.0
DK,62,Coal,0.0
UK,62,Coal,0.0
DE,62,Gas,0.0
FR,62,Gas,0.0
NO,62,Gas,0.0
DK,62,Gas,0.0
UK,62,Gas,0.0
DE,62,H2,10.0
FR,62,H2,8.333333333333334
NO,62,H2,2.5
DK,62,H2,1.6666666666666667
UK,62,H2,6.666666666666667
DE,62,Mobility,4.452
FR,62,Mobility,3.7100000000000004
NO,62,Mobility,0.6121500000000001
DK,62,Mobility,0.6678000000000001
UK,62,Mobility,3.339
DE,63,Power,26.244
FR,63,Power,33.65
NO,63,Power,8.162
DK,63,Power,5.680000000000001
UK,63,Power,20.709
DE,63,Heat,6.984
FR,63,Heat,2.016
NO,63,Heat,0.9199999999999999
DK,63,Heat,2.4839999999999995
UK,63,Heat,5.301
DE,63,Coal,0.0
FR,63,Coal,0.0
NO,63,Coal,0.0
DK,63,Coal,0.0
UK,63,Coal,0.0
DE,63,Gas,0.0
FR,63,Gas,0.0
NO,63,Gas,0.0
DK,63,Gas,0.0
UK,63,Gas,0.0
DE,63,H2,10.0
FR,63,H2,8.333333333333334
NO,63,H2,2.5
DK,63,H2,1.6666666666666667
UK,63,H2,6.666666666666667
DE,63,Mobility,2.8680000000000003
FR,63,Mobility,2.39
NO,63,Mobility,0.39435000000000003
DK,63,Mobility,0.4302
UK,63,Mobility,2.1510000000000002
DE,64,Power,23.112000000000002
FR,64,Power,31.95
NO,64,Power,7.854000000000001
DK,64,Power,5.183999999999999
UK,64,Power,19.17
DE,64,Heat,7.2
FR,64,Heat,2.016
NO,64,Heat,0.98
DK,64,Heat,2.616
UK,64,Heat,5.301
DE,64,Coal,0.0
FR,64,Coal,0.0
NO,64,Coal,0.0
DK,64,Coal,0.0
UK,64,Coal,0.0
DE,64,Gas,0.0
FR,64,Gas,0.0
NO,64,Gas,0.0
DK,64,Gas,0.0
UK,64,Gas,0.0
DE,64,H2,10.0
FR,64,H2,8.333333333333334
NO,64,H2,2.5
DK,64,H2,1.6666666666666667
UK,64,H2,6.666666666666667
DE,64,Mobility,1.476
FR,64,Mobility,1.23
NO,64,Mobility,0.20295
DK,64,Mobility,0.22139999999999999
UK,64,Mobility,1.107
DE,65,Power,20.7
FR,65,Power,28.900000000000002
NO,65,Power,7.462
DK,65,Power,4.5280000000000005
UK,65,Power,17.198999999999998
DE,65,Heat,7.308000000000001
FR,65,Heat,2.052
NO,65,Heat,1.1199999999999999
DK,65,Heat,3.024
UK,65,Heat,5.518
DE,65,Coal,0.0
FR,65,Coal,0.0
NO,65,Coal,0.0
DK,65,Coal,0.0
UK,65,Coal,0.0
DE,65,Gas,0.0
FR,65,Gas,0.0
NO,65,Gas,0.0
DK,65,Gas,0.0
UK,65,Gas,0.0
DE,65,H2,10.0
FR,65,H2,8.333333333333334
NO,65,H2,2.5
DK,65,H2,1.6666666666666667
UK,65,H2,6.666666666666667
DE,65,Mobility,1.2240000000000002
FR,65,Mobility,1.02
NO,65,Mobility,0.1683
DK,65,Mobility,0.1836
UK,65,Mobility,0.918
DE,66,Power,18.252
FR,66,Power,24.650000000000002
NO,66,Power,7.112
DK,66,Power,3.888
UK,66,Power,14.418000000000001
DE,66,Heat,7.56
FR,66,Heat,2.1359999999999997
NO,66,Heat,1.244
DK,66,Heat,3.372
UK,66,Heat,5.859
DE,66,Coal,0.0
FR,66,Coal,0.0
NO,66,Coal,0.0
DK,66,Coal,0.0
UK,66,Coal,0.0
DE,66,Gas,0.0
FR,66,Gas,0.0
NO,66,Gas,0.0
DK,66,Gas,0.0
UK,66,Gas,0.0
DE,66,H2,10.0
FR,66,H2,8.333333333333334
NO,66,H2,2.5
DK,66,H2,1.6666666666666667
UK,66,H2,6.666666666666667
DE,66,Mobility,1.2240000000000002
FR,66,Mobility,1.02
NO,66,Mobility,0.1683
DK,66,Mobility,0.1836
UK,66,Mobility,0.918
DE,67,Power,18.72
FR,67,Power,24.25
NO,67,Power,6.986
DK,67,Power,3.784
UK,67,Power,13.581
DE,67,Heat,6.588
FR,67,Heat,2.256
NO,67,Heat,1.316
DK,67,Heat,3.564
UK,67,Heat,6.386000000000001
DE,67,Coal,0.0
FR,67,Coal,0.0
NO,67,Coal,0.0
DK,67,Coal,0.0
UK,67,Coal,0.0
DE,67,Gas,0.0
FR,67,Gas,0.0
NO,67,Gas,0.0
DK,67,Gas,0.0
UK,67,Gas,0.0
DE,67,H2,10.0
FR,67,H2,8.333333333333334
NO,67,H2,2.5
DK,67,H2,1.6666666666666667
UK,67,H2,6.666666666666667
DE,67,Mobility,1.476
FR,67,Mobility,1.23
NO,67,Mobility,0.20295
DK,67,Mobility,0.22139999999999999
UK,67,Mobility,1.107
DE,68,Power,18.252
FR,68,Power,22.0
NO,68,Power,6.859999999999999
DK,68,Power,3.6159999999999997
UK,68,Power,12.393
DE,68,Heat,6.048
FR,68,Heat,2.424
NO,68,Heat,1.376
DK,68,Heat,3.7199999999999998
UK,68,Heat,7.037
DE,68,Coal,0.0
FR,68,Coal,0.0
NO,68,Coal,0.0
DK,68,Coal,0.0
UK,68,Coal,0.0
DE,68,Gas,0.0
FR,68,Gas,0.0
NO,68,Gas,0.0
DK,68,Gas,0.0
UK,68,Gas,0.0
DE,68,H2,10.0
FR,68,H2,8.333333333333334
NO,68,H2,2.5
DK,68,H2,1.6666666666666667
UK,68,H2,6.666666666666667
DE,68,Mobility,2.1359999999999997
FR,68,Mobility,1.7799999999999998
NO,68,Mobility,0.29369999999999996
DK,68,Mobility,0.32039999999999996
UK,68,Mobility,1.6019999999999999
DE,69,Power,20.016
FR,69,Power,22.4
NO,69,Power,6.832
DK,69,Power,3.8080000000000003
UK,69,Power,12.258
DE,69,Heat,6.0120000000000005
FR,69,Heat,2.6999999999999997
NO,69,Heat,1.424
DK,69,Heat,3.8520000000000003
UK,69,Heat,7.905
DE,69,Coal,0.0
FR,69,Coal,0.0
NO,69,Coal,0.0
DK,69,Coal,0.0
UK,69,Coal,0.0
DE,69,Gas,0.0
FR,69,Gas,0.0
NO,69,Gas,0.0
DK,69,Gas,0.0
UK,69,Gas,0.0
DE,69,H2,10.0
FR,69,H2,8.333333333333334
NO,69,H2,2.5
DK,69,H2,1.6666666666666667
UK,69,H2,6.666666666666667
DE,69,Mobility,2.8680000000000003
FR,69,Mobility,2.39
NO,69,Mobility,0.39435000000000003
DK,69,Mobility,0.4302
UK,69,Mobility,2.1510000000000002
DE,70,Power,22.788
FR,70,Power,23.0
NO,70,Power,6.972
DK,70,Power,4.192
UK,70,Power,11.988000000000001
DE,70,Heat,6.048
FR,70,Heat,3.012
NO,70,Heat,1.452
DK,70,Heat,3.936
UK,70,Heat,8.835
DE,70,Coal,0.0
FR,70,Coal,0.0
NO,70,Coal,0.0
DK,70,Coal,0.0
UK,70,Coal,0.0
DE,70,Gas,0.0
FR,70,Gas,0.0
NO,70,Gas,0.0
DK,70,Gas,0.0
UK,70,Gas,0.0
DE,70,H2,10.0
FR,70,H2,8.333333333333334
NO,70,H2,2.5
DK,70,H2,1.6666666666666667
UK,70,H2,6.666666666666667
DE,70,Mobility,5.292
FR,70,Mobility,4.41
NO,70,Mobility,0.72765
DK,70,Mobility,0.7938
UK,70,Mobility,3.969
DE,71,Power,26.892
FR,71,Power,24.55
NO,71,Power,7.433999999999999
DK,71,Power,5.288
UK,71,Power,12.852
DE,71,Heat,6.048
FR,71,Heat,4.092
NO,71,Heat,1.6400000000000001
DK,71,Heat,4.644
UK,71,Heat,12.121
DE,71,Coal,0.0
FR,71,Coal,0.0
NO,71,Coal,0.0
DK,71,Coal,0.0
UK,71,Coal,0.0
DE,71,Gas,0.0
FR,71,Gas,0.0
NO,71,Gas,0.0
DK,71,Gas,0.0
UK,71,Gas,0.0
DE,71,H2,10.0
FR,71,H2,8.333333333333334
NO,71,H2,2.5
DK,71,H2,1.6666666666666667
UK,71,H2,6.666666666666667
DE,71,Mobility,10.728
FR,71,Mobility,8.94
NO,71,Mobility,1.4751
DK,71,Mobility,1.6092
UK,71,Mobility,8.046
DE,72,Power,31.644
FR,72,Power,26.35
NO,72,Power,8.218
DK,72,Power,6.800000000000001
UK,72,Power,15.309
DE,72,Heat,7.164
FR,72,Heat,4.848
NO,72,Heat,1.7319999999999998
DK,72,Heat,5.1000000000000005
UK,72,Heat,14.539
DE,72,Coal,0.0
FR,72,Coal,0.0
NO,72,Coal,0.0
DK,72,Coal,0.0
UK,72,Coal,0.0
DE,72,Gas,0.0
FR,72,Gas,0.0
NO,72,Gas,0.0
DK,72,Gas,0.0
UK,72,Gas,0.0
DE,72,H2,10.0
FR,72,H2,8.333333333333334
NO,72,H2,2.5
DK,72,H2,1.6666666666666667
UK,72,H2,6.666666666666667
DE,72,Mobility,13.644
FR,72,Mobility,11.37
NO,72,Mobility,1.87605
DK,72,Mobility,2.0466
UK,72,Mobility,10.233
DE,73,Power,29.124
FR,73,Power,24.750000000000004
NO,73,Power,8.274000000000001
DK,73,Power,6.856
UK,73,Power,15.822
DE,73,Heat,8.712
FR,73,Heat,5.136
NO,73,Heat,1.7080000000000002
DK,73,Heat,5.196
UK,73,Heat,15.655
DE,73,Coal,0.0
FR,73,Coal,0.0
NO,73,Coal,0.0
DK,73,Coal,0.0
UK,73,Coal,0.0
DE,73,Gas,0.0
FR,73,Gas,0.0
NO,73,Gas,0.0
DK,73,Gas,0.0
UK,73,Gas,0.0
DE,73,H2,10.0
FR,73,H2,8.333333333333334
NO,73,H2,2.5
DK,73,H2,1.6666666666666667
UK,73,H2,6.666666666666667
DE,73,Mobility,14.64
FR,73,Mobility,12.200000000000001
NO,73,Mobility,2.0130000000000003
DK,73,Mobility,2.196
UK,73,Mobility,10.98
DE,74,Power,31.104
FR,74,Power,26.6
NO,74,Power,8.68
DK,74,Power,7.48
UK,74,Power,19.008
DE,74,Heat,8.712
FR,74,Heat,4.128
NO,74,Heat,1.4120000000000001
DK,74,Heat,4.284
UK,74,Heat,12.772000000000002
DE,74,Coal,0.0
FR,74,Coal,0.0
NO,74,Coal,0.0
DK,74,Coal,0.0
UK,74,Coal,0.0
DE,74,Gas,0.0
FR,74,Gas,0.0
NO,74,Gas,0.0
DK,74,Gas,0.0
UK,74,Gas,0.0
DE,74,H2,10.0
FR,74,H2,8.333333333333334
NO,74,H2,2.5
DK,74,H2,1.6666666666666667
UK,74,H2,6.666666666666667
DE,74,Mobility,11.207999999999998
FR,74,Mobility,9.34
NO,74,Mobility,1.5411
DK,74,Mobility,1.6811999999999998
UK,74,Mobility,8.405999999999999
DE,75,Power,29.232000000000003
FR,75,Power,26.35
NO,75,Power,8.386
DK,75,Power,6.6000000000000005
UK,75,Power,19.089
DE,75,Heat,6.876
FR,75,Heat,3.1319999999999997
NO,75,Heat,1.1360000000000001
DK,75,Heat,3.372
UK,75,Heat,9.641
DE,75,Coal,0.0
FR,75,Coal,0.0
NO,75,Coal,0.0
DK,75,Coal,0.0
UK,75,Coal,0.0
DE,75,Gas,0.0
FR,75,Gas,0.0
NO,75,Gas,0.0
DK,75,Gas,0.0
UK,75,Gas,0.0
DE,75,H2,10.0
FR,75,H2,8.333333333333334
NO,75,H2,2.5
DK,75,H2,1.6666666666666667
UK,75,H2,6.666666666666667
DE,75,Mobility,10.728
FR,75,Mobility,8.94
NO,75,Mobility,1.4751
DK,75,Mobility,1.6092
UK,75,Mobility,8.046
DE,76,Power,34.992
FR,76,Power,31.150000000000002
NO,76,Power,9.03
DK,76,Power,7.68
UK,76,Power,22.653
DE,76,Heat,6.0120000000000005
FR,76,Heat,2.4480000000000004
NO,76,Heat,0.9560000000000001
DK,76,Heat,2.7359999999999998
UK,76,Heat,7.223
DE,76,Coal,0.0
FR,76,Coal,0.0
NO,76,Coal,0.0
DK,76,Coal,0.0
UK,76,Coal,0.0
DE,76,Gas,0.0
FR,76,Gas,0.0
NO,76,Gas,0.0
DK,76,Gas,0.0
UK,76,Gas,0.0
DE,76,H2,10.0
FR,76,H2,8.333333333333334
NO,76,H2,2.5
DK,76,H2,1.6666666666666667
UK,76,H2,6.666666666666667
DE,76,Mobility,10.26
FR,76,Mobility,8.55
NO,76,Mobility,1.41075
DK,76,Mobility,1.5390000000000001
UK,76,Mobility,7.695
DE,77,Power,34.884
FR,77,Power,32.45
NO,77,Power,8.96
DK,77,Power,7.28
UK,77,Power,22.923
DE,77,Heat,6.0120000000000005
FR,77,Heat,2.1359999999999997
NO,77,Heat,0.856
DK,77,Heat,2.364
UK,77,Heat,5.859
DE,77,Coal,0.0
FR,77,Coal,0.0
NO,77,Coal,0.0
DK,77,Coal,0.0
UK,77,Coal,0.0
DE,77,Gas,0.0
FR,77,Gas,0.0
NO,77,Gas,0.0
DK,77,Gas,0.0
UK,77,Gas,0.0
DE,77,H2,10.0
FR,77,H2,8.333333333333334
NO,77,H2,2.5
DK,77,H2,1.6666666666666667
UK,77,H2,6.666666666666667
DE,77,Mobility,11.688
FR,77,Mobility,9.74
NO,77,Mobility,1.6071
DK,77,Mobility,1.7532
UK,77,Mobility,8.766
DE,78,Power,37.908
FR,78,Power,34.8
NO,78,Power,9.408000000000001
DK,78,Power,7.928
UK,78,Power,22.814999999999998
DE,78,Heat,6.0120000000000005
FR,78,Heat,2.04
NO,78,Heat,0.8
DK,78,Heat,2.184
UK,78,Heat,5.394
DE,78,Coal,0.0
FR,78,Coal,0.0
NO,78,Coal,0.0
DK,78,Coal,0.0
UK,78,Coal,0.0
DE,78,Gas,0.0
FR,78,Gas,0.0
NO,78,Gas,0.0
DK,78,Gas,0.0
UK,78,Gas,0.0
DE,78,H2,10.0
FR,78,H2,8.333333333333334
NO,78,H2,2.5
DK,78,H2,1.6666666666666667
UK,78,H2,6.666666666666667
DE,78,Mobility,13.152
FR,78,Mobility,10.959999999999999
NO,78,Mobility,1.8083999999999998
DK,78,Mobility,1.9727999999999999
UK,78,Mobility,9.863999999999999
DE,79,Power,37.224000000000004
FR,79,Power,34.949999999999996
NO,79,Power,9.52
DK,79,Power,7.776
UK,79,Power,22.68
DE,79,Heat,6.0120000000000005
FR,79,Heat,2.016
NO,79,Heat,0.768
DK,79,Heat,2.112
UK,79,Heat,5.208
DE,79,Coal,0.0
FR,79,Coal,0.0
NO,79,Coal,0.0
DK,79,Coal,0.0
UK,79,Coal,0.0
DE,79,Gas,0.0
FR,79,Gas,0.0
NO,79,Gas,0.0
DK,79,Gas,0.0
UK,79,Gas,0.0
DE,79,H2,10.0
FR,79,H2,8.333333333333334
NO,79,H2,2.5
DK,79,H2,1.6666666666666667
UK,79,H2,6.666666666666667
DE,79,Mobility,17.16
FR,79,Mobility,14.3
NO,79,Mobility,2.3595
DK,79,Mobility,2.574
UK,79,Mobility,12.870000000000001
DE,80,Power,32.436
FR,80,Power,30.500000000000004
NO,80,Power,9.254000000000001
DK,80,Power,7.199999999999999
UK,80,Power,20.115
DE,80,Heat,6.0120000000000005
FR,80,Heat,2.004
NO,80,Heat,0.744
DK,80,Heat,2.064
UK,80,Heat,5.1770000000000005
DE,80,Coal,0.0
FR,80,Coal,0.0
NO,80,Coal,0.0
DK,80,Coal,0.0
UK,80,Coal,0.0
DE,80,Gas,0.0
FR,80,Gas,0.0
NO,80,Gas,0.0
DK,80,Gas,0.0
UK,80,Gas,0.0
DE,80,H2,10.0
FR,80,H2,8.333333333333334
NO,80,H2,2.5
DK,80,H2,1.6666666666666667
UK,80,H2,6.666666666666667
DE,80,Mobility,21.828000000000003
FR,80,Mobility,18.19
NO,80,Mobility,3.0013500000000004
DK,80,Mobility,3.2742000000000004
UK,80,Mobility,16.371000000000002
DE,81,Power,31.644
FR,81,Power,31.2
NO,81,Power,9.142
DK,81,Power,7.104000000000001
UK,81,Power,22.275000000000002
DE,81,Heat,6.0120000000000005
FR,81,Heat,2.004
NO,81,Heat,0.74
DK,81,Heat,2.064
UK,81,Heat,5.1770000000000005
DE,81,Coal,0.0
FR,81,Coal,0.0
NO,81,Coal,0.0
DK,81,Coal,0.0
UK,81,Coal,0.0
DE,81,Gas,0.0
FR,81,Gas,0.0
NO,81,Gas,0.0
DK,81,Gas,0.0
UK,81,Gas,0.0
DE,81,H2,10.0
FR,81,H2,8.333333333333334
NO,81,H2,2.5
DK,81,H2,1.6666666666666667
UK,81,H2,6.666666666666667
DE,81,Mobility,24.492
FR,81,Mobility,20.41
NO,81,Mobility,3.3676500000000003
DK,81,Mobility,3.6738000000000004
UK,81,Mobility,18.369
DE,82,Power,28.476000000000003
FR,82,Power,28.700000000000003
NO,82,Power,8.792
DK,82,Power,6.392
UK,82,Power,20.898
DE,82,Heat,6.0120000000000005
FR,82,Heat,2.004
NO,82,Heat,0.744
DK,82,Heat,2.076
UK,82,Heat,5.1770000000000005
DE,82,Coal,0.0
FR,82,Coal,0.0
NO,82,Coal,0.0
DK,82,Coal,0.0
UK,82,Coal,0.0
DE,82,Gas,0.0
FR,82,Gas,0.0
NO,82,Gas,0.0
DK,82,Gas,0.0
UK,82,Gas,0.0
DE,82,H2,10.0
FR,82,H2,8.333333333333334
NO,82,H2,2.5
DK,82,H2,1.6666666666666667
UK,82,H2,6.666666666666667
DE,82,Mobility,22.884
FR,82,Mobility,19.07
NO,82,Mobility,3.14655
DK,82,Mobility,3.4326
UK,82,Mobility,17.163
DE,83,Power,32.904
FR,83,Power,32.9
NO,83,Power,9.198
DK,83,Power,6.944
UK,83,Power,23.787
DE,83,Heat,6.0120000000000005
FR,83,Heat,2.004
NO,83,Heat,0.768
DK,83,Heat,2.112
UK,83,Heat,5.1770000000000005
DE,83,Coal,0.0
FR,83,Coal,0.0
NO,83,Coal,0.0
DK,83,Coal,0.0
UK,83,Coal,0.0
DE,83,Gas,0.0
FR,83,Gas,0.0
NO,83,Gas,0.0
DK,83,Gas,0.0
UK,83,Gas,0.0
DE,83,H2,10.0
FR,83,H2,8.333333333333334
NO,83,H2,2.5
DK,83,H2,1.6666666666666667
UK,83,H2,6.666666666666667
DE,83,Mobility,16.644000000000002
FR,83,Mobility,13.870000000000001
NO,83,Mobility,2.28855
DK,83,Mobility,2.4966
UK,83,Mobility,12.483
DE,84,Power,32.292
FR,84,Power,32.15
NO,84,Power,9.282
DK,84,Power,6.52
UK,84,Power,24.03
DE,84,Heat,6.0120000000000005
FR,84,Heat,2.004
NO,84,Heat,0.8
DK,84,Heat,2.184
UK,84,Heat,5.208
DE,84,Coal,0.0
FR,84,Coal,0.0
NO,84,Coal,0.0
DK,84,Coal,0.0
UK,84,Coal,0.0
DE,84,Gas,0.0
FR,84,Gas,0.0
NO,84,Gas,0.0
DK,84,Gas,0.0
UK,84,Gas,0.0
DE,84,H2,10.0
FR,84,H2,8.333333333333334
NO,84,H2,2.5
DK,84,H2,1.6666666666666667
UK,84,H2,6.666666666666667
DE,84,Mobility,11.207999999999998
FR,84,Mobility,9.34
NO,84,Mobility,1.5411
DK,84,Mobility,1.6811999999999998
UK,84,Mobility,8.405999999999999
DE,85,Power,34.488
FR,85,Power,33.75
NO,85,Power,9.786
DK,85,Power,6.816
UK,85,Power,26.082
DE,85,Heat,6.0120000000000005
FR,85,Heat,2.028
NO,85,Heat,0.872
DK,85,Heat,2.388
UK,85,Heat,5.301
DE,85,Coal,0.0
FR,85,Coal,0.0
NO,85,Coal,0.0
DK,85,Coal,0.0
UK,85,Coal,0.0
DE,85,Gas,0.0
FR,85,Gas,0.0
NO,85,Gas,0.0
DK,85,Gas,0.0
UK,85,Gas,0.0
DE,85,H2,10.0
FR,85,H2,8.333333333333334
NO,85,H2,2.5
DK,85,H2,1.6666666666666667
UK,85,H2,6.666666666666667
DE,85,Mobility,7.032
FR,85,Mobility,5.859999999999999
NO,85,Mobility,0.9669
DK,85,Mobility,1.0548
UK,85,Mobility,5.274
DE,86,Power,32.184
FR,86,Power,34.1
NO,86,Power,9.8
DK,86,Power,5.704
UK,86,Power,25.488
DE,86,Heat,6.048
FR,86,Heat,2.028
NO,86,Heat,0.88
DK,86,Heat,2.388
UK,86,Heat,5.301
DE,86,Coal,0.0
FR,86,Coal,0.0
NO,86,Coal,0.0
DK,86,Coal,0.0
UK,86,Coal,0.0
DE,86,Gas,0.0
FR,86,Gas,0.0
NO,86,Gas,0.0
DK,86,Gas,0.0
UK,86,Gas,0.0
DE,86,H2,10.0
FR,86,H2,8.333333333333334
NO,86,H2,2.5
DK,86,H2,1.6666666666666667
UK,86,H2,6.666666666666667
DE,86,Mobility,4.452
FR,86,Mobility,3.7100000000000004
NO,86,Mobility,0.6121500000000001
DK,86,Mobility,0.6678000000000001
UK,86,Mobility,3.339
DE,87,Power,27.936
FR,87,Power,32.1
NO,87,Power,9.478
DK,87,Power,5.303999999999999
UK,87,Power,22.896
DE,87,Heat,9.828
FR,87,Heat,2.016
NO,87,Heat,0.9199999999999999
DK,87,Heat,2.4839999999999995
UK,87,Heat,5.301
DE,87,Coal,0.0
FR,87,Coal,0.0
NO,87,Coal,0.0
DK,87,Coal,0.0
UK,87,Coal,0.0
DE,87,Gas,0.0
FR,87,Gas,0.0
NO,87,Gas,0.0
DK,87,Gas,0.0
UK,87,Gas,0.0
DE,87,H2,10.0
FR,87,H2,8.333333333333334
NO,87,H2,2.5
DK,87,H2,1.6666666666666667
UK,87,H2,6.666666666666667
DE,87,Mobility,2.8680000000000003
FR,87,Mobility,2.39
NO,87,Mobility,0.39435000000000003
DK,87,Mobility,0.4302
UK,87,Mobility,2.1510000000000002
DE,88,Power,24.516000000000002
FR,88,Power,30.400000000000002
NO,88,Power,9.24
DK,88,Power,4.536
UK,88,Power,19.71
DE,88,Heat,15.984000000000002
FR,88,Heat,2.016
NO,88,Heat,0.98
DK,88,Heat,2.616
UK,88,Heat,5.301
DE,88,Coal,0.0
FR,88,Coal,0.0
NO,88,Coal,0.0
DK,88,Coal,0.0
UK,88,Coal,0.0
DE,88,Gas,0.0
FR,88,Gas,0.0
NO,88,Gas,0.0
DK,88,Gas,0.0
UK,88,Gas,0.0
DE,88,H2,10.0
FR,88,H2,8.333333333333334
NO,88,H2,2.5
DK,88,H2,1.6666666666666667
UK,88,H2,6.666666666666667
DE,88,Mobility,1.476
FR,88,Mobility,1.23
NO,88,Mobility,0.20295
DK,88,Mobility,0.22139999999999999
UK,88,Mobility,1.107
DE,89,Power,20.592000000000002
FR,89,Power,26.25
NO,89,Power,8.96
DK,89,Power,4.295999999999999
UK,89,Power,15.93
DE,89,Heat,22.032
FR,89,Heat,2.052
NO,89,Heat,1.1199999999999999
DK,89,Heat,3.024
UK,89,Heat,5.518
DE,89,Coal,0.0
FR,89,Coal,0.0
NO,89,Coal,0.0
DK,89,Coal,0.0
UK,89,Coal,0.0
DE,89,Gas,0.0
FR,89,Gas,0.0
NO,89,Gas,0.0
DK,89,Gas,0.0
UK,89,Gas,0.0
DE,89,H2,10.0
FR,89,H2,8.333333333333334
NO,89,H2,2.5
DK,89,H2,1.6666666666666667
UK,89,H2,6.666666666666667
DE,89,Mobility,1.2240000000000002
FR,89,Mobility,1.02
NO,89,Mobility,0.1683
DK,89,Mobility,0.1836
UK,89,Mobility,0.918
DE,90,Power,20.592000000000002
FR,90,Power,24.650000000000002
NO,90,Power,9.114
DK,90,Power,4.0
UK,90,Power,14.148
DE,90,Heat,19.116
FR,90,Heat,5.712000000000001
NO,90,Heat,2.1839999999999997
DK,90,Heat,6.263999999999999
UK,90,Heat,14.043000000000001
DE,90,Coal,0.0
FR,90,Coal,0.0
NO,90,Coal,0.0
DK,90,Coal,0.0
UK,90,Coal,0.0
DE,90,Gas,0.0
FR,90,Gas,0.0
NO,90,Gas,0.0
DK,90,Gas,0.0
UK,90,Gas,0.0
DE,90,H2,10.0
FR,90,H2,8.333333333333334
NO,90,H2,2.5
DK,90,H2,1.6666666666666667
UK,90,H2,6.666666666666667
DE,90,Mobility,1.2240000000000002
FR,90,Mobility,1.02
NO,90,Mobility,0.1683
DK,90,Mobility,0.1836
UK,90,Mobility,0.918
DE,91,Power,19.44
FR,91,Power,22.3
NO,91,Power,8.82
DK,91,Power,3.9120000000000004
UK,91,Power,12.852
DE,91,Heat,17.099999999999998
FR,91,Heat,10.164
NO,91,Heat,3.248
DK,91,Heat,9.6
UK,91,Heat,24.118
DE,91,Coal,0.0
FR,91,Coal,0.0
NO,91,Coal,0.0
DK,91,Coal,0.0
UK,91,Coal,0.0
DE,91,Gas,0.0
FR,91,Gas,0.0
NO,91,Gas,0.0
DK,91,Gas,0.0
UK,91,Gas,0.0
DE,91,H2,10.0
FR,91,H2,8.333333333333334
NO,91,H2,2.5
DK,91,H2,1.6666666666666667
UK,91,H2,6.666666666666667
DE,91,Mobility,1.476
FR,91,Mobility,1.23
NO,91,Mobility,0.20295
DK,91,Mobility,0.22139999999999999
UK,91,Mobility,1.107
DE,92,Power,20.88
FR,92,Power,22.35
NO,92,Power,8.596
DK,92,Power,4.24
UK,92,Power,12.636000000000001
DE,92,Heat,17.928
FR,92,Heat,14.927999999999999
NO,92,Heat,4.32
DK,92,Heat,12.995999999999999
UK,92,Heat,34.782000000000004
DE,92,Coal,0.0
FR,92,Coal,0.0
NO,92,Coal,0.0
DK,92,Coal,0.0
UK,92,Coal,0.0
DE,92,Gas,0.0
FR,92,Gas,0.0
NO,92,Gas,0.0
DK,92,Gas,0.0
UK,92,Gas,0.0
DE,92,H2,10.0
FR,92,H2,8.333333333333334
NO,92,H2,2.5
DK,92,H2,1.6666666666666667
UK,92,H2,6.666666666666667
DE,92,Mobility,2.1359999999999997
FR,92,Mobility,1.7799999999999998
NO,92,Mobility,0.29369999999999996
DK,92,Mobility,0.32039999999999996
UK,92,Mobility,1.6019999999999999
DE,93,Power,22.176
FR,93,Power,24.35
NO,93,Power,8.834
DK,93,Power,4.536
UK,93,Power,12.528
DE,93,Heat,26.964000000000002
FR,93,Heat,15.336
NO,93,Heat,4.344
DK,93,Heat,13.116000000000001
UK,93,Heat,35.805
DE,93,Coal,0.0
FR,93,Coal,0.0
NO,93,Coal,0.0
DK,93,Coal,0.0
UK,93,Coal,0.0
DE,93,Gas,0.0
FR,93,Gas,0.0
NO,93,Gas,0.0
DK,93,Gas,0.0
UK,93,Gas,0.0
DE,93,H2,10.0
FR,93,H2,8.333333333333334
NO,93,H2,2.5
DK,93,H2,1.6666666666666667
UK,93,H2,6.666666666666667
DE,93,Mobility,2.8680000000000003
FR,93,Mobility,2.39
NO,93,Mobility,0.39435000000000003
DK,93,Mobility,0.4302
UK,93,Mobility,2.1510000000000002
DE,94,Power,26.244
FR,94,Power,30.349999999999998
NO,94,Power,9.464
DK,94,Power,5.319999999999999
UK,94,Power,12.879
DE,94,Heat,34.812
FR,94,Heat,15.636
NO,94,Heat,4.3839999999999995
DK,94,Heat,13.284
UK,94,Heat,36.58
DE,94,Coal,0.0
FR,94,Coal,0.0
NO,94,Coal,0.0
DK,94,Coal,0.0
UK,94,Coal,0.0
DE,94,Gas,0.0
FR,94,Gas,0.0
NO,94,Gas,0.0
DK,94,Gas,0.0
UK,94,Gas,0.0
DE,94,H2,10.0
FR,94,H2,8.333333333333334
NO,94,H2,2.5
DK,94,H2,1.6666666666666667
UK,94,H2,6.666666666666667
DE,94,Mobility,5.292
FR,94,Mobility,4.41
NO,94,Mobility,0.72765
DK,94,Mobility,0.7938
UK,94,Mobility,3.969
DE,95,Power,32.04
FR,95,Power,37.699999999999996
NO,95,Power,10.948
DK,95,Power,6.664000000000001
UK,95,Power,15.336
DE,95,Heat,33.516000000000005
FR,95,Heat,15.936
NO,95,Heat,4.4319999999999995
DK,95,Heat,13.488
UK,95,Heat,37.385999999999996
DE,95,Coal,0.0
FR,95,Coal,0.0
NO,95,Coal,0.0
DK,95,Coal,0.0
UK,95,Coal,0.0
DE,95,Gas,0.0
FR,95,Gas,0.0
NO,95,Gas,0.0
DK,95,Gas,0.0
UK,95,Gas,0.0
DE,95,H2,10.0
FR,95,H2,8.333333333333334
NO,95,H2,2.5
DK,95,H2,1.6666666666666667
UK,95,H2,6.666666666666667
DE,95,Mobility,10.728
FR,95,Mobility,8.94
NO,95,Mobility,1.4751
DK,95,Mobility,1.6092
UK,95,Mobility,8.046
DE,96,Power,30.492
FR,96,Power,35.8
NO,96,Power,11.409999999999998
DK,96,Power,6.936000000000001
UK,96,Power,15.795
DE,96,Heat,23.580000000000002
FR,96,Heat,16.068
NO,96,Heat,4.44
DK,96,Heat,13.488
UK,96,Heat,37.789
DE,96,Coal,0.0
FR,96,Coal,0.0
NO,96,Coal,0.0
DK,96,Coal,0.0
UK,96,Coal,0.0
DE,96,Gas,0.0
FR,96,Gas,0.0
NO,96,Gas,0.0
DK,96,Gas,0.0
UK,96,Gas,0.0
DE,96,H2,10.0
FR,96,H2,8.333333333333334
NO,96,H2,2.5
DK,96,H2,1.6666666666666667
UK,96,H2,6.666666666666667
DE,96,Mobility,13.644
FR,96,Mobility,11.37
NO,96,Mobility,1.87605
DK,96,Mobility,2.0466
UK,96,Mobility,10.233
DE,97,Power,33.804
FR,97,Power,36.75
NO,97,Power,11.872
DK,97,Power,8.024000000000001
UK,97,Power,19.683
DE,97,Heat,21.456
FR,97,Heat,17.196
NO,97,Heat,4.66
DK,97,Heat,14.304
UK,97,Heat,40.61
DE,97,Coal,0.0
FR,97,Coal,0.0
NO,97,Coal,0.0
DK,97,Coal,0.0
UK,97,Coal,0.0
DE,97,Gas,0.0
FR,97,Gas,0.0
NO,97,Gas,0.0
DK,97,Gas,0.0
UK,97,Gas,0.0
DE,97,H2,10.0
FR,97,H2,8.333333333333334
NO,97,H2,2.5
DK,97,H2,1.6666666666666667
UK,97,H2,6.666666666666667
DE,97,Mobility,14.64
FR,97,Mobility,12.200000000000001
NO,97,Mobility,2.0130000000000003
DK,97,Mobility,2.196
UK,97,Mobility,10.98
DE,98,Power,31.319999999999997
FR,98,Power,32.5
NO,98,Power,11.494
DK,98,Power,7.5520000000000005
UK,98,Power,20.439
DE,98,Heat,22.752
FR,98,Heat,17.808
NO,98,Heat,4.788
DK,98,Heat,14.712
UK,98,Heat,42.067
DE,98,Coal,0.0
FR,98,Coal,0.0
NO,98,Coal,0.0
DK,98,Coal,0.0
UK,98,Coal,0.0
DE,98,Gas,0.0
FR,98,Gas,0.0
NO,98,Gas,0.0
DK,98,Gas,0.0
UK,98,Gas,0.0
DE,98,H2,10.0
FR,98,H2,8.333333333333334
NO,98,H2,2.5
DK,98,H2,1.6666666666666667
UK,98,H2,6.666666666666667
DE,98,Mobility,11.207999999999998
FR,98,Mobility,9.34
NO,98,Mobility,1.5411
DK,98,Mobility,1.6811999999999998
UK,98,Mobility,8.405999999999999
DE,99,Power,38.664
FR,99,Power,38.65
NO,99,Power,11.676
DK,99,Power,8.72
UK,99,Power,24.516
DE,99,Heat,30.419999999999998
FR,99,Heat,17.784
NO,99,Heat,4.792
DK,99,Heat,14.652000000000001
UK,99,Heat,41.788000000000004
DE,99,Coal,0.0
FR,99,Coal,0.0
NO,99,Coal,0.0
DK,99,Coal,0.0
UK,99,Coal,0.0
DE,99,Gas,0.0
FR,99,Gas,0.0
NO,99,Gas,0.0
DK,99,Gas,0.0
UK,99,Gas,0.0
DE,99,H2,10.0
FR,99,H2,8.333333333333334
NO,99,H2,2.5
DK,99,H2,1.6666666666666667
UK,99,H2,6.666666666666667
DE,99,Mobility,10.728
FR,99,Mobility,8.94
NO,99,Mobility,1.4751
DK,99,Mobility,1.6092
UK,99,Mobility,8.046
DE,100,Power,35.748
FR,100,Power,37.65
NO,100,Power,11.984
DK,100,Power,8.648
UK,100,Power,25.11
DE,100,Heat,30.851999999999997
FR,100,Heat,16.032
NO,100,Heat,4.588
DK,100,Heat,13.788
UK,100,Heat,37.293
DE,100,Coal,0.0
FR,100,Coal,0.0
NO,100,Coal,0.0
DK,100,Coal,0.0
UK,100,Coal,0.0
DE,100,Gas,0.0
FR,100,Gas,0.0
NO,100,Gas,0.0
DK,100,Gas,0.0
UK,100,Gas,0.0
DE,100,H2,10.0
FR,100,H2,8.333333333333334
NO,100,H2,2.5
DK,100,H2,1.6666666666666667
UK,100,H2,6.666666666666667
DE,100,Mobility,10.26
FR,100,Mobility,8.55
NO,100,Mobility,1.41075
DK,100,Mobility,1.5390000000000001
UK,100,Mobility,7.695
DE,101,Power,39.816
FR,101,Power,43.35
NO,101,Power,12.53
DK,101,Power,9.44
UK,101,Power,27.081000000000003
DE,101,Heat,34.956
FR,101,Heat,14.304
NO,101,Heat,4.396
DK,101,Heat,12.984
UK,101,Heat,32.891
DE,101,Coal,0.0
FR,101,Coal,0.0
NO,101,Coal,0.0
DK,101,Coal,0.0
UK,101,Coal,0.0
DE,101,Gas,0.0
FR,101,Gas,0.0
NO,101,Gas,0.0
DK,101,Gas,0.0
UK,101,Gas,0.0
DE,101,H2,10.0
FR,101,H2,8.333333333333334
NO,101,H2,2.5
DK,101,H2,1.6666666666666667
UK,101,H2,6.666666666666667
DE,101,Mobility,11.688
FR,101,Mobility,9.74
NO,101,Mobility,1.6071
DK,101,Mobility,1.7532
UK,101,Mobility,8.766
DE,102,Power,39.996
FR,102,Power,43.75000000000001
NO,102,Power,13.356
DK,102,Power,9.472
UK,102,Power,27.486
DE,102,Heat,36.395999999999994
FR,102,Heat,12.912
NO,102,Heat,4.3
DK,102,Heat,12.564
UK,102,Heat,29.419
DE,102,Coal,0.0
FR,102,Coal,0.0
NO,102,Coal,0.0
DK,102,Coal,0.0
UK,102,Coal,0.0
DE,102,Gas,0.0
FR,102,Gas,0.0
NO,102,Gas,0.0
DK,102,Gas,0.0
UK,102,Gas,0.0
DE,102,H2,10.0
FR,102,H2,8.333333333333334
NO,102,H2,2.5
DK,102,H2,1.6666666666666667
UK,102,H2,6.666666666666667
DE,102,Mobility,13.152
FR,102,Mobility,10.959999999999999
NO,102,Mobility,1.8083999999999998
DK,102,Mobility,1.9727999999999999
UK,102,Mobility,9.863999999999999
DE,103,Power,37.980000000000004
FR,103,Power,42.24999999999999
NO,103,Power,13.244
DK,103,Power,8.744
UK,103,Power,26.433
DE,103,Heat,41.112
FR,103,Heat,11.927999999999999
NO,103,Heat,4.18
DK,103,Heat,12.072
UK,103,Heat,26.939
DE,103,Coal,0.0
FR,103,Coal,0.0
NO,103,Coal,0.0
DK,103,Coal,0.0
UK,103,Coal,0.0
DE,103,Gas,0.0
FR,103,Gas,0.0
NO,103,Gas,0.0
DK,103,Gas,0.0
UK,103,Gas,0.0
DE,103,H2,10.0
FR,103,H2,8.333333333333334
NO,103,H2,2.5
DK,103,H2,1.6666666666666667
UK,103,H2,6.666666666666667
DE,103,Mobility,17.16
FR,103,Mobility,14.3
NO,103,Mobility,2.3595
DK,103,Mobility,2.574
UK,103,Mobility,12.870000000000001
DE,104,Power,36.756
FR,104,Power,41.9
NO,104,Power,13.566
DK,104,Power,8.672
UK,104,Power,26.676
DE,104,Heat,49.068
FR,104,Heat,11.34
NO,104,Heat,4.164000000000001
DK,104,Heat,12.0
UK,104,Heat,25.42
DE,104,Coal,0.0
FR,104,Coal,0.0
NO,104,Coal,0.0
DK,104,Coal,0.0
UK,104,Coal,0.0
DE,104,Gas,0.0
FR,104,Gas,0.0
NO,104,Gas,0.0
DK,104,Gas,0.0
UK,104,Gas,0.0
DE,104,H2,10.0
FR,104,H2,8.333333333333334
NO,104,H2,2.5
DK,104,H2,1.6666666666666667
UK,104,H2,6.666666666666667
DE,104,Mobility,21.828000000000003
FR,104,Mobility,18.19
NO,104,Mobility,3.0013500000000004
DK,104,Mobility,3.2742000000000004
UK,104,Mobility,16.371000000000002
DE,105,Power,32.760000000000005
FR,105,Power,42.449999999999996
NO,105,Power,12.936
DK,105,Power,8.312
UK,105,Power,25.892999999999997
DE,105,Heat,35.532000000000004
FR,105,Heat,10.056000000000001
NO,105,Heat,3.9600000000000004
DK,105,Heat,11.244
UK,105,Heat,22.227
DE,105,Coal,0.0
FR,105,Coal,0.0
NO,105,Coal,0.0
DK,105,Coal,0.0
UK,105,Coal,0.0
DE,105,Gas,0.0
FR,105,Gas,0.0
NO,105,Gas,0.0
DK,105,Gas,0.0
UK,105,Gas,0.0
DE,105,H2,10.0
FR,105,H2,8.333333333333334
NO,105,H2,2.5
DK,105,H2,1.6666666666666667
UK,105,H2,6.666666666666667
DE,105,Mobility,24.492
FR,105,Mobility,20.41
NO,105,Mobility,3.3676500000000003
DK,105,Mobility,3.6738000000000004
UK,105,Mobility,18.369
DE,106,Power,38.556000000000004
FR,106,Power,52.449999999999996
NO,106,Power,13.915999999999999
DK,106,Power,9.712
UK,106,Power,29.376
DE,106,Heat,29.483999999999998
FR,106,Heat,9.396
NO,106,Heat,3.788
DK,106,Heat,10.656
UK,106,Heat,20.584
DE,106,Coal,0.0
FR,106,Coal,0.0
NO,106,Coal,0.0
DK,106,Coal,0.0
UK,106,Coal,0.0
DE,106,Gas,0.0
FR,106,Gas,0.0
NO,106,Gas,0.0
DK,106,Gas,0.0
UK,106,Gas,0.0
DE,106,H2,10.0
FR,106,H2,8.333333333333334
NO,106,H2,2.5
DK,106,H2,1.6666666666666667
UK,106,H2,6.666666666666667
DE,106,Mobility,22.884
FR,106,Mobility,19.07
NO,106,Mobility,3.14655
DK,106,Mobility,3.4326
UK,106,Mobility,17.163
DE,107,Power,38.988
FR,107,Power,59.85
NO,107,Power,14.686
DK,107,Power,10.128
UK,107,Power,31.86
DE,107,Heat,18.035999999999998
FR,107,Heat,9.024
NO,107,Heat,3.628
DK,107,Heat,10.104000000000001
UK,107,Heat,19.747
DE,107,Coal,0.0
FR,107,Coal,0.0
NO,107,Coal,0.0
DK,107,Coal,0.0
UK,107,Coal,0.0
DE,107,Gas,0.0
FR,107,Gas,0.0
NO,107,Gas,0.0
DK,107,Gas,0.0
UK,107,Gas,0.0
DE,107,H2,10.0
FR,107,H2,8.333333333333334
NO,107,H2,2.5
DK,107,H2,1.6666666666666667
UK,107,H2,6.666666666666667
DE,107,Mobility,16.644000000000002
FR,107,Mobility,13.870000000000001
NO,107,Mobility,2.28855
DK,107,Mobility,2.4966
UK,107,Mobility,12.483
DE,108,Power,42.876000000000005
FR,108,Power,66.05
NO,108,Power,16.044
DK,108,Power,10.808
UK,108,Power,35.667
DE,108,Heat,23.724
FR,108,Heat,10.008000000000001
NO,108,Heat,3.7600000000000002
DK,108,Heat,10.632
UK,108,Heat,22.227
DE,108,Coal,0.0
FR,108,Coal,0.0
NO,108,Coal,0.0
DK,108,Coal,0.0
UK,108,Coal,0.0
DE,108,Gas,0.0
FR,108,Gas,0.0
NO,108,Gas,0.0
DK,108,Gas,0.0
UK,108,Gas,0.0
DE,108,H2,10.0
FR,108,H2,8.333333333333334
NO,108,H2,2.5
DK,108,H2,1.6666666666666667
UK,108,H2,6.666666666666667
DE,108,Mobility,11.207999999999998
FR,108,Mobility,9.34
NO,108,Mobility,1.5411
DK,108,Mobility,1.6811999999999998
UK,108,Mobility,8.405999999999999
DE,109,Power,41.616
FR,109,Power,65.75
NO,109,Power,15.75
DK,109,Power,10.064
UK,109,Power,35.235
DE,109,Heat,29.483999999999998
FR,109,Heat,10.884
NO,109,Heat,3.872
DK,109,Heat,11.088
UK,109,Heat,24.490000000000002
DE,109,Coal,0.0
FR,109,Coal,0.0
NO,109,Coal,0.0
DK,109,Coal,0.0
UK,109,Coal,0.0
DE,109,Gas,0.0
FR,109,Gas,0.0
NO,109,Gas,0.0
DK,109,Gas,0.0
UK,109,Gas,0.0
DE,109,H2,10.0
FR,109,H2,8.333333333333334
NO,109,H2,2.5
DK,109,H2,1.6666666666666667
UK,109,H2,6.666666666666667
DE,109,Mobility,7.032
FR,109,Mobility,5.859999999999999
NO,109,Mobility,0.9669
DK,109,Mobility,1.0548
UK,109,Mobility,5.274
DE,110,Power,37.188
FR,110,Power,59.50000000000001
NO,110,Power,14.854
DK,110,Power,8.968
UK,110,Power,32.481
DE,110,Heat,44.46
FR,110,Heat,11.76
NO,110,Heat,3.984
DK,110,Heat,11.544
UK,110,Heat,26.784
DE,110,Coal,0.0
FR,110,Coal,0.0
NO,110,Coal,0.0
DK,110,Coal,0.0
UK,110,Coal,0.0
DE,110,Gas,0.0
FR,110,Gas,0.0
NO,110,Gas,0.0
DK,110,Gas,0.0
UK,110,Gas,0.0
DE,110,H2,10.0
FR,110,H2,8.333333333333334
NO,110,H2,2.5
DK,110,H2,1.6666666666666667
UK,110,H2,6.666666666666667
DE,110,Mobility,4.452
FR,110,Mobility,3.7100000000000004
NO,110,Mobility,0.6121500000000001
DK,110,Mobility,0.6678000000000001
UK,110,Mobility,3.339
DE,111,Power,34.848
FR,111,Power,58.1
NO,111,Power,14.027999999999999
DK,111,Power,7.992000000000001
UK,111,Power,29.7
DE,111,Heat,63.972
FR,111,Heat,12.492
NO,111,Heat,4.072
DK,111,Heat,11.927999999999999
UK,111,Heat,28.613
DE,111,Coal,0.0
FR,111,Coal,0.0
NO,111,Coal,0.0
DK,111,Coal,0.0
UK,111,Coal,0.0
DE,111,Gas,0.0
FR,111,Gas,0.0
NO,111,Gas,0.0
DK,111,Gas,0.0
UK,111,Gas,0.0
DE,111,H2,10.0
FR,111,H2,8.333333333333334
NO,111,H2,2.5
DK,111,H2,1.6666666666666667
UK,111,H2,6.666666666666667
DE,111,Mobility,2.8680000000000003
FR,111,Mobility,2.39
NO,111,Mobility,0.39435000000000003
DK,111,Mobility,0.4302
UK,111,Mobility,2.1510000000000002
DE,112,Power,29.736
FR,112,Power,55.8
NO,112,Power,14.098
DK,112,Power,7.048
UK,112,Power,25.731
DE,112,Heat,73.008
FR,112,Heat,13.176
NO,112,Heat,4.164000000000001
DK,112,Heat,12.312
UK,112,Heat,30.349
DE,112,Coal,0.0
FR,112,Coal,0.0
NO,112,Coal,0.0
DK,112,Coal,0.0
UK,112,Coal,0.0
DE,112,Gas,0.0
FR,112,Gas,0.0
NO,112,Gas,0.0
DK,112,Gas,0.0
UK,112,Gas,0.0
DE,112,H2,10.0
FR,112,H2,8.333333333333334
NO,112,H2,2.5
DK,112,H2,1.6666666666666667
UK,112,H2,6.666666666666667
DE,112,Mobility,1.476
FR,112,Mobility,1.23
NO,112,Mobility,0.20295
DK,112,Mobility,0.22139999999999999
UK,112,Mobility,1.107
DE,113,Power,29.016
FR,113,Power,57.5
NO,113,Power,13.566
DK,113,Power,6.456
UK,113,Power,23.328
DE,113,Heat,68.724
FR,113,Heat,13.68
NO,113,Heat,4.228
DK,113,Heat,12.576
UK,113,Heat,31.62
DE,113,Coal,0.0
FR,113,Coal,0.0
NO,113,Coal,0.0
DK,113,Coal,0.0
UK,113,Coal,0.0
DE,113,Gas,0.0
FR,113,Gas,0.0
NO,113,Gas,0.0
DK,113,Gas,0.0
UK,113,Gas,0.0
DE,113,H2,10.0
FR,113,H2,8.333333333333334
NO,113,H2,2.5
DK,113,H2,1.6666666666666667
UK,113,H2,6.666666666666667
DE,113,Mobility,1.2240000000000002
FR,113,Mobility,1.02
NO,113,Mobility,0.1683
DK,113,Mobility,0.1836
UK,113,Mobility,0.918
DE,114,Power,25.884
FR,114,Power,55.0
NO,114,Power,13.104000000000001
DK,114,Power,5.56
UK,114,Power,20.277
DE,114,Heat,55.8
FR,114,Heat,14.112
NO,114,Heat,4.268000000000001
DK,114,Heat,12.768
UK,114,Heat,32.736
DE,114,Coal,0.0
FR,114,Coal,0.0
NO,114,Coal,0.0
DK,114,Coal,0.0
UK,114,Coal,0.0
DE,114,Gas,0.0
FR,114,Gas,0.0
NO,114,Gas,0.0
DK,114,Gas,0.0
UK,114,Gas,0.0
DE,114,H2,10.0
FR,114,H2,8.333333333333334
NO,114,H2,2.5
DK,114,H2,1.6666666666666667
UK,114,H2,6.666666666666667
DE,114,Mobility,1.2240000000000002
FR,114,Mobility,1.02
NO,114,Mobility,0.1683
DK,114,Mobility,0.1836
UK,114,Mobility,0.918
DE,115,Power,26.028000000000002
FR,115,Power,52.1
NO,115,Power,11.886
DK,115,Power,5.056
UK,115,Power,19.386
DE,115,Heat,51.444
FR,115,Heat,14.52
NO,115,Heat,4.3
DK,115,Heat,12.912
UK,115,Heat,33.759
DE,115,Coal,0.0
FR,115,Coal,0.0
NO,115,Coal,0.0
DK,115,Coal,0.0
UK,115,Coal,0.0
DE,115,Gas,0.0
FR,115,Gas,0.0
NO,115,Gas,0.0
DK,115,Gas,0.0
UK,115,Gas,0.0
DE,115,H2,10.0
FR,115,H2,8.333333333333334
NO,115,H2,2.5
DK,115,H2,1.6666666666666667
UK,115,H2,6.666666666666667
DE,115,Mobility,1.476
FR,115,Mobility,1.23
NO,115,Mobility,0.20295
DK,115,Mobility,0.22139999999999999
UK,115,Mobility,1.107
DE,116,Power,24.695999999999998
FR,116,Power,47.3
NO,116,Power,11.676
DK,116,Power,4.944
UK,116,Power,18.522
DE,116,Heat,54.9
FR,116,Heat,14.927999999999999
NO,116,Heat,4.32
DK,116,Heat,12.995999999999999
UK,116,Heat,34.782000000000004
DE,116,Coal,0.0
FR,116,Coal,0.0
NO,116,Coal,0.0
DK,116,Coal,0.0
UK,116,Coal,0.0
DE,116,Gas,0.0
FR,116,Gas,0.0
NO,116,Gas,0.0
DK,116,Gas,0.0
UK,116,Gas,0.0
DE,116,H2,10.0
FR,116,H2,8.333333333333334
NO,116,H2,2.5
DK,116,H2,1.6666666666666667
UK,116,H2,6.666666666666667
DE,116,Mobility,2.1359999999999997
FR,116,Mobility,1.7799999999999998
NO,116,Mobility,0.29369999999999996
DK,116,Mobility,0.32039999999999996
UK,116,Mobility,1.6019999999999999
DE,117,Power,22.5
FR,117,Power,42.0
NO,117,Power,11.158
DK,117,Power,4.96
UK,117,Power,17.28
DE,117,Heat,64.728
FR,117,Heat,15.336
NO,117,Heat,4.344
DK,117,Heat,13.116000000000001
UK,117,Heat,35.805
DE,117,Coal,0.0
FR,117,Coal,0.0
NO,117,Coal,0.0
DK,117,Coal,0.0
UK,117,Coal,0.0
DE,117,Gas,0.0
FR,117,Gas,0.0
NO,117,Gas,0.0
DK,117,Gas,0.0
UK,117,Gas,0.0
DE,117,H2,10.0
FR,117,H2,8.333333333333334
NO,117,H2,2.5
DK,117,H2,1.6666666666666667
UK,117,H2,6.666666666666667
DE,117,Mobility,2.8680000000000003
FR,117,Mobility,2.39
NO,117,Mobility,0.39435000000000003
DK,117,Mobility,0.4302
UK,117,Mobility,2.1510000000000002
DE,118,Power,19.44
FR,118,Power,38.65
NO,118,Power,10.948
DK,118,Power,4.816
UK,118,Power,15.498000000000001
DE,118,Heat,55.8
FR,118,Heat,15.636
NO,118,Heat,4.3839999999999995
DK,118,Heat,13.284
UK,118,Heat,36.58
DE,118,Coal,0.0
FR,118,Coal,0.0
NO,118,Coal,0.0
DK,118,Coal,0.0
UK,118,Coal,0.0
DE,118,Gas,0.0
FR,118,Gas,0.0
NO,118,Gas,0.0
DK,118,Gas,0.0
UK,118,Gas,0.0
DE,118,H2,10.0
FR,118,H2,8.333333333333334
NO,118,H2,2.5
DK,118,H2,1.6666666666666667
UK,118,H2,6.666666666666667
DE,118,Mobility,5.292
FR,118,Mobility,4.41
NO,118,Mobility,0.72765
DK,118,Mobility,0.7938
UK,118,Mobility,3.969
DE,119,Power,17.496
FR,119,Power,37.4
NO,119,Power,10.654
DK,119,Power,4.752
UK,119,Power,14.229000000000001
DE,119,Heat,49.068
FR,119,Heat,15.936
NO,119,Heat,4.4319999999999995
DK,119,Heat,13.488
UK,119,Heat,37.385999999999996
DE,119,Coal,0.0
FR,119,Coal,0.0
NO,119,Coal,0.0
DK,119,Coal,0.0
UK,119,Coal,0.0
DE,119,Gas,0.0
FR,119,Gas,0.0
NO,119,Gas,0.0
DK,119,Gas,0.0
UK,119,Gas,0.0
DE,119,H2,10.0
FR,119,H2,8.333333333333334
NO,119,H2,2.5
DK,119,H2,1.6666666666666667
UK,119,H2,6.666666666666667
DE,119,Mobility,10.728
FR,119,Mobility,8.94
NO,119,Mobility,1.4751
DK,119,Mobility,1.6092
UK,119,Mobility,8.046
DE,120,Power,16.776
FR,120,Power,37.8
NO,120,Power,10.514000000000001
DK,120,Power,4.656
UK,120,Power,13.797
DE,120,Heat,36.612
FR,120,Heat,16.068
NO,120,Heat,4.4639999999999995
DK,120,Heat,13.607999999999999
UK,120,Heat,37.696000000000005
DE,120,Coal,0.0
FR,120,Coal,0.0
NO,120,Coal,0.0
DK,120,Coal,0.0
UK,120,Coal,0.0
DE,120,Gas,0.0
FR,120,Gas,0.0
NO,120,Gas,0.0
DK,120,Gas,0.0
UK,120,Gas,0.0
DE,120,H2,10.0
FR,120,H2,8.333333333333334
NO,120,H2,2.5
DK,120,H2,1.6666666666666667
UK,120,H2,6.666666666666667
DE,120,Mobility,14.388000000000002
FR,120,Mobility,11.99
NO,120,Mobility,1.97835
DK,120,Mobility,2.1582
UK,120,Mobility,10.791
