Region,Technology,Hour,Fuel,value
DK,Battery,21,Power,0.0
DE,H2Tank,112,H2,80.78541941415352
DE,Battery,17,Power,0.0
DE,PHS,95,Power,0.0
NO,H2Tank,118,H2,9.652729861777775
UK,Battery,15,Power,1.694924531801664
NO,H2Tank,19,H2,0.0
NO,Battery,37,Power,0.0
UK,PHS,88,Power,0.0
FR,PHS,14,Power,0.0
DK,PHS,52,Power,0.0
DE,PHS,16,Power,0.0
UK,H2Tank,55,H2,70.88172876416068
FR,H2Tank,75,H2,143.06290676355667
FR,Battery,112,Power,9.245624526363894
UK,H2Tank,35,H2,51.754532883250356
NO,PHS,43,Power,0.0
FR,H2Tank,111,H2,222.68368606522102
NO,Battery,32,Power,0.0
FR,Battery,69,Power,2.437158779417919
NO,H2Tank,83,H2,7.5450338000339405
DK,PHS,36,Power,0.0
FR,PHS,9,Power,0.0
NO,H2Tank,23,H2,0.0
UK,H2Tank,12,H2,40.868241162458034
DK,Battery,61,Power,33.742029213089275
FR,PHS,81,Power,0.0
UK,PHS,21,Power,0.0
UK,PHS,37,Power,0.0
DE,H2Tank,90,H2,135.52712242232397
FR,H2Tank,58,H2,217.99319456208315
DE,PHS,62,Power,0.0
DK,Battery,38,Power,1.2958094389334989
UK,Battery,81,Power,4.352651024289582
UK,PHS,113,Power,0.0
DK,Battery,92,Power,2.6408694690661885
FR,Battery,59,Power,5.5418298367555705
DE,PHS,37,Power,0.0
UK,PHS,91,Power,0.0
DE,H2Tank,6,H2,67.32027183071568
FR,PHS,20,Power,0.0
DE,PHS,21,Power,0.0
DE,Battery,79,Power,0.0
UK,Battery,4,Power,5.39842018090698
UK,PHS,63,Power,0.0
DK,Battery,59,Power,33.74202921308928
DK,PHS,107,Power,0.0
FR,Battery,102,Power,9.254875238018444
NO,PHS,14,Power,0.0
NO,H2Tank,48,H2,3.6827365467836177
DK,H2Tank,25,H2,1.8644405980888756
DE,Battery,12,Power,0.0
FR,PHS,112,Power,0.0
DE,PHS,78,Power,0.0
UK,PHS,118,Power,0.0
UK,Battery,56,Power,4.363546810706556
DE,Battery,97,Power,3.053509342767782
FR,H2Tank,47,H2,17.54385964912281
UK,PHS,33,Power,0.0
UK,PHS,55,Power,0.0
FR,H2Tank,70,H2,141.7488884757406
DK,Battery,32,Power,1.2965871967894236
NO,Battery,4,Power,0.0
NO,H2Tank,38,H2,3.682736546783625
DK,H2Tank,64,H2,55.04362211228945
UK,Battery,113,Power,7.292241495431289
UK,PHS,3,Power,0.0
NO,H2Tank,18,H2,0.0
UK,H2Tank,62,H2,72.87283664824554
DK,PHS,85,Power,0.0
UK,H2Tank,100,H2,80.93302453760793
DK,Battery,25,Power,0.0
DK,PHS,71,Power,0.0
UK,PHS,84,Power,0.0
DE,PHS,58,Power,0.0
FR,Battery,36,Power,0.0
UK,H2Tank,102,H2,81.16803707820439
DK,PHS,5,Power,0.0
DE,Battery,111,Power,3.0492372072702385
UK,Battery,51,Power,4.3657292387966855
UK,H2Tank,51,H2,54.60719440596034
DE,PHS,89,Power,0.0
DK,Battery,117,Power,5.850825327489454
UK,PHS,114,Power,0.0
NO,H2Tank,13,H2,3.4840147610900516
DE,PHS,119,Power,0.0
DE,Battery,57,Power,0.3434324221501228
UK,PHS,10,Power,0.0
UK,Battery,11,Power,0.0
FR,PHS,115,Power,0.0
DE,H2Tank,47,H2,10.526315789473681
UK,Battery,88,Power,12.7202651635033
DE,Battery,92,Power,3.0550365555724626
DK,PHS,118,Power,0.0
DE,PHS,117,Power,0.0
FR,Battery,89,Power,9.266915001976988
NO,H2Tank,100,H2,0.45442844210526145
DE,Battery,52,Power,0.0
UK,PHS,19,Power,0.0
DE,PHS,111,Power,0.0
UK,H2Tank,109,H2,63.17105988580689
DE,PHS,43,Power,0.0
DE,PHS,85,Power,0.0
FR,H2Tank,5,H2,118.42784634944259
DE,PHS,18,Power,0.0
FR,H2Tank,4,H2,127.19977617400399
DK,Battery,65,Power,23.88036603917163
UK,H2Tank,106,H2,79.76458823054354
FR,PHS,52,Power,0.0
NO,H2Tank,32,H2,0.0
DE,Battery,45,Power,3.312299654314194
DE,PHS,74,Power,0.0
NO,H2Tank,40,H2,3.682736546783623
FR,Battery,107,Power,9.250248725794417
UK,Battery,61,Power,4.361365473612251
DE,Battery,105,Power,3.051067390105209
DK,Battery,80,Power,26.628917079180646
UK,Battery,101,Power,12.703738736960494
FR,Battery,99,Power,9.257652255974925
UK,PHS,92,Power,0.0
DE,Battery,64,Power,2.1699920226262566
DE,H2Tank,63,H2,118.81277011341388
FR,H2Tank,20,H2,49.68590987656998
UK,PHS,102,Power,0.0
FR,Battery,14,Power,11.083105490527466
NO,Battery,84,Power,0.0
NO,PHS,117,Power,0.0
NO,H2Tank,72,H2,3.0990729380911612
UK,PHS,41,Power,0.0
UK,PHS,108,Power,0.0
FR,H2Tank,12,H2,84.7736291748155
DE,PHS,88,Power,0.0
DE,PHS,25,Power,0.0
DE,PHS,115,Power,0.0
DK,Battery,27,Power,1.2972356849212874
DK,H2Tank,72,H2,41.00853439299113
DK,Battery,71,Power,6.9419883710593275
DE,Battery,83,Power,3.05778746374316
DK,Battery,14,Power,7.406286829532589
DK,Battery,43,Power,0.7030716655326292
DE,H2Tank,18,H2,12.104151448075738
UK,Battery,74,Power,4.355699099114586
NO,H2Tank,22,H2,0.0
DK,Battery,46,Power,0.7028607651244163
FR,H2Tank,86,H2,284.58823888482823
NO,Battery,58,Power,0.0
UK,H2Tank,17,H2,19.815609583510668
DK,PHS,18,Power,0.0
UK,H2Tank,112,H2,49.13597216650869
NO,Battery,63,Power,0.0
NO,PHS,18,Power,0.0
NO,PHS,106,Power,0.0
UK,H2Tank,28,H2,0.11700569075000349
DK,PHS,16,Power,0.0
UK,PHS,98,Power,0.0
FR,H2Tank,105,H2,274.503317744168
NO,Battery,20,Power,0.0
NO,PHS,75,Power,0.0
UK,H2Tank,60,H2,85.97317822017533
DE,Battery,13,Power,0.0
DK,PHS,27,Power,0.0
DK,Battery,101,Power,25.342027412557
DE,H2Tank,59,H2,148.69836532394038
DE,Battery,70,Power,2.1686903528680883
FR,PHS,7,Power,0.0
FR,H2Tank,28,H2,16.084709096574397
FR,PHS,93,Power,0.0
NO,Battery,8,Power,0.0
DK,H2Tank,93,H2,61.25921325576017
NO,Battery,49,Power,0.0
UK,H2Tank,30,H2,2.4357291784725703
FR,H2Tank,51,H2,16.045053973416668
NO,H2Tank,42,H2,3.682736546783622
NO,Battery,87,Power,0.0
NO,Battery,30,Power,0.0
DE,Battery,110,Power,3.049542161486387
FR,PHS,79,Power,0.0
FR,H2Tank,2,H2,144.7436358231268
DE,Battery,3,Power,0.7891435849260067
FR,H2Tank,82,H2,315.86924570938976
DK,PHS,29,Power,0.0
DK,Battery,64,Power,23.882754314603094
DK,Battery,60,Power,33.73865501016798
DE,Battery,7,Power,0.7888279748374922
FR,H2Tank,16,H2,67.22976952569275
DE,Battery,102,Power,3.0519828934167994
UK,H2Tank,76,H2,20.418449415388892
UK,Battery,40,Power,4.370534423589695
NO,PHS,7,Power,0.0
DK,Battery,24,Power,0.0
DE,H2Tank,4,H2,67.3202718307157
FR,PHS,98,Power,0.0
FR,H2Tank,29,H2,26.194384706574397
FR,Battery,49,Power,0.0
NO,PHS,33,Power,0.0
DE,H2Tank,28,H2,0.0
UK,Battery,80,Power,4.353086332922875
FR,Battery,70,Power,2.436915063539977
DE,PHS,90,Power,0.0
DK,Battery,120,Power,16.871014606544637
DE,H2Tank,98,H2,101.75235472535462
NO,Battery,41,Power,0.0
DE,Battery,112,Power,3.048932283549511
NO,PHS,46,Power,0.0
DE,PHS,55,Power,0.0
FR,Battery,23,Power,0.0
NO,PHS,90,Power,0.0
DE,H2Tank,55,H2,125.21432900274985
NO,Battery,116,Power,0.0
FR,PHS,92,Power,0.0
NO,Battery,59,Power,0.0
DE,Battery,21,Power,0.0
FR,Battery,87,Power,9.268768663021909
DK,PHS,77,Power,0.0
UK,H2Tank,103,H2,79.76458823054357
NO,Battery,13,Power,0.0
DK,PHS,120,Power,0.0
UK,PHS,7,Power,0.0
NO,H2Tank,64,H2,3.099072938091164
DE,PHS,35,Power,0.0
DE,PHS,72,Power,0.0
UK,PHS,25,Power,0.0
DE,PHS,69,Power,0.0
NO,Battery,103,Power,0.0
DE,PHS,6,Power,0.0
FR,Battery,78,Power,9.277114727294327
NO,Battery,12,Power,0.0
DE,H2Tank,70,H2,60.09670139762447
FR,Battery,3,Power,5.74743404428991
FR,H2Tank,94,H2,217.1214623883367
NO,PHS,100,Power,0.0
NO,H2Tank,84,H2,7.54503380003394
NO,H2Tank,114,H2,1.0748185345555556
FR,H2Tank,76,H2,172.97442664038996
DK,Battery,111,Power,11.641761989738953
FR,PHS,120,Power,0.0
DK,H2Tank,110,H2,51.87407313378388
FR,Battery,18,Power,0.0
UK,Battery,46,Power,4.367912758428304
FR,PHS,25,Power,0.0
DK,H2Tank,81,H2,74.50879676102349
DE,PHS,44,Power,0.0
NO,H2Tank,71,H2,3.0990729380911617
UK,Battery,18,Power,0.5168144942764649
UK,H2Tank,45,H2,66.63738664192519
FR,PHS,27,Power,0.0
FR,H2Tank,1,H2,153.5155656476882
NO,H2Tank,54,H2,2.4509749369800584
DK,PHS,56,Power,0.0
NO,PHS,102,Power,0.0
FR,Battery,106,Power,9.251173843178735
DE,PHS,26,Power,0.0
FR,H2Tank,36,H2,90.72888952361832
DK,Battery,23,Power,0.0
DE,Battery,60,Power,2.1708602364779153
DK,H2Tank,15,H2,19.4083002472117
DK,H2Tank,51,H2,10.785376801916543
NO,Battery,90,Power,0.0
NO,PHS,115,Power,0.0
UK,H2Tank,75,H2,10.126103308986112
DK,PHS,17,Power,0.0
UK,H2Tank,97,H2,80.93302453760798
UK,H2Tank,52,H2,54.60719440596036
UK,Battery,36,Power,4.3722830745
UK,H2Tank,10,H2,26.139012432791585
FR,PHS,72,Power,0.0
DE,H2Tank,60,H2,138.17204953446665
FR,Battery,92,Power,9.264135205474576
DE,Battery,10,Power,0.0
FR,PHS,51,Power,0.0
FR,H2Tank,109,H2,240.22754571434373
DE,H2Tank,24,H2,0.9046625488610249
UK,PHS,53,Power,0.0
NO,H2Tank,69,H2,3.0990729380911626
NO,Battery,23,Power,0.0
UK,Battery,12,Power,2.506667968105671
FR,PHS,32,Power,0.0
NO,Battery,109,Power,0.0
NO,PHS,101,Power,0.0
DK,PHS,43,Power,0.0
NO,PHS,94,Power,0.0
UK,Battery,45,Power,4.368349593387641
NO,Battery,46,Power,0.0
FR,Battery,51,Power,0.0
DE,H2Tank,8,H2,48.10592966606512
NO,Battery,22,Power,0.0
UK,Battery,65,Power,4.359621189087289
DK,H2Tank,17,H2,15.899528317387132
UK,PHS,117,Power,0.0
DK,PHS,90,Power,0.0
DE,PHS,51,Power,0.0
DE,H2Tank,43,H2,44.517916769913654
NO,PHS,109,Power,0.0
FR,H2Tank,44,H2,34.92000210877192
DK,Battery,98,Power,0.1264489559999924
DK,H2Tank,18,H2,14.14514235247485
UK,H2Tank,43,H2,62.408833176897396
DK,Battery,58,Power,26.846563205988605
NO,PHS,116,Power,0.0
UK,Battery,9,Power,0.0
FR,H2Tank,108,H2,248.99947553890468
DE,H2Tank,80,H2,154.68348617710885
FR,H2Tank,41,H2,46.869240400811364
UK,PHS,59,Power,0.0
FR,PHS,106,Power,0.0
NO,PHS,29,Power,0.0
DK,H2Tank,21,H2,8.881984457738003
FR,H2Tank,53,H2,77.24159699474995
UK,Battery,120,Power,7.287138457500003
DK,PHS,31,Power,0.0
DE,PHS,20,Power,0.0
DE,PHS,31,Power,0.0
UK,H2Tank,41,H2,62.40883317689737
DE,Battery,47,Power,1.0549750117633707
DE,PHS,96,Power,0.0
DK,Battery,18,Power,0.0
DE,H2Tank,62,H2,127.95990497657179
NO,Battery,27,Power,0.0
DK,PHS,9,Power,0.0
UK,Battery,5,Power,0.0
UK,H2Tank,54,H2,64.23877204252179
FR,H2Tank,38,H2,73.18502987449554
DK,Battery,53,Power,9.065667748764305
NO,H2Tank,90,H2,1.5089693684210486
DE,Battery,6,Power,0.7889068655240452
FR,Battery,24,Power,0.0
DE,H2Tank,10,H2,39.22827473825674
UK,Battery,73,Power,4.356134712585844
NO,PHS,34,Power,0.0
UK,H2Tank,70,H2,21.052631578947356
DK,H2Tank,67,H2,49.78046421755257
FR,H2Tank,56,H2,162.0919302195832
NO,PHS,69,Power,0.0
FR,H2Tank,71,H2,132.9769586511792
DE,H2Tank,104,H2,91.06253247805144
FR,PHS,67,Power,0.0
FR,H2Tank,19,H2,58.45783970113138
FR,Battery,108,Power,9.249323700921837
FR,Battery,91,Power,9.265061711645743
FR,PHS,102,Power,0.0
NO,PHS,36,Power,0.0
DE,H2Tank,46,H2,21.052631578947366
NO,H2Tank,51,H2,1.6760708732826906
DK,Battery,40,Power,1.7620949144258713
UK,H2Tank,48,H2,61.62473826560943
DK,Battery,26,Power,0.0
FR,PHS,5,Power,0.0
DK,PHS,96,Power,0.0
DE,Battery,106,Power,3.0507622833661987
FR,Battery,113,Power,9.244699963911259
DE,H2Tank,109,H2,82.44034986453983
FR,PHS,76,Power,0.0
NO,H2Tank,112,H2,0.0
FR,Battery,16,Power,0.0
UK,PHS,17,Power,0.0
DE,H2Tank,105,H2,91.06253247805142
FR,PHS,36,Power,0.0
DK,H2Tank,75,H2,50.48379321924537
UK,H2Tank,98,H2,80.93302453760796
UK,Battery,90,Power,12.717721237673251
NO,Battery,93,Power,0.0
UK,PHS,99,Power,0.0
DE,PHS,27,Power,0.0
FR,PHS,103,Power,0.0
FR,Battery,94,Power,9.262282471074831
FR,PHS,82,Power,0.0
NO,PHS,62,Power,0.0
FR,Battery,39,Power,0.0
DK,H2Tank,105,H2,58.55543489167868
DK,H2Tank,106,H2,58.55543489167867
UK,Battery,70,Power,4.35744181441127
DK,PHS,73,Power,0.0
UK,H2Tank,108,H2,70.188603745456
DK,PHS,39,Power,0.0
DK,Battery,94,Power,0.5548412293641283
DE,H2Tank,76,H2,91.08773787397975
UK,H2Tank,50,H2,61.62473826560945
DE,H2Tank,74,H2,41.472987856479754
UK,H2Tank,8,H2,14.245533032791592
DK,H2Tank,38,H2,14.230237849552177
DK,PHS,109,Power,0.0
NO,Battery,104,Power,0.0
FR,PHS,97,Power,0.0
UK,Battery,34,Power,0.0
NO,H2Tank,53,H2,1.6125900522300591
NO,H2Tank,68,H2,3.099072938091163
UK,PHS,26,Power,0.0
DK,Battery,68,Power,18.948602337649213
UK,Battery,105,Power,12.698658003639222
UK,PHS,82,Power,0.0
NO,Battery,36,Power,0.0
DK,PHS,58,Power,0.0
DK,PHS,88,Power,0.0
DE,Battery,98,Power,3.0532039918335054
DE,H2Tank,102,H2,94.30637395699871
DK,H2Tank,19,H2,12.390756387562567
NO,PHS,23,Power,0.0
DK,PHS,80,Power,0.0
DK,H2Tank,108,H2,55.046662961854075
FR,Battery,8,Power,0.0
DE,H2Tank,20,H2,8.618087372898906
UK,H2Tank,57,H2,77.40514781968847
NO,H2Tank,80,H2,12.449778152665525
DK,H2Tank,14,H2,21.162686212123987
FR,H2Tank,34,H2,89.6466682159911
NO,Battery,60,Power,0.0
DK,PHS,33,Power,0.0
DE,PHS,91,Power,0.0
FR,Battery,62,Power,2.438865473172742
NO,PHS,30,Power,0.0
DK,Battery,83,Power,25.89701251387167
DE,Battery,88,Power,3.056258875759458
NO,Battery,66,Power,0.0
DK,PHS,79,Power,0.0
NO,Battery,16,Power,0.0
DE,PHS,110,Power,0.0
FR,PHS,65,Power,0.0
NO,PHS,89,Power,0.0
DK,H2Tank,35,H2,17.92658574779778
FR,Battery,80,Power,9.275259397120017
NO,Battery,48,Power,0.0
DK,H2Tank,22,H2,7.1275984928257206
DK,Battery,4,Power,15.072911732012335
DK,PHS,48,Power,0.0
UK,Battery,107,Power,12.696118399025076
DK,PHS,87,Power,0.0
DK,H2Tank,115,H2,48.92611815389558
UK,H2Tank,111,H2,49.13597216650867
NO,Battery,38,Power,0.0
FR,Battery,114,Power,9.24377549391487
UK,Battery,17,Power,0.5168661808945544
FR,Battery,117,Power,9.241002638570713
FR,H2Tank,48,H2,8.771929824561404
UK,H2Tank,89,H2,86.9887021155832
UK,Battery,62,Power,4.360929337064889
DE,Battery,24,Power,0.0
NO,PHS,63,Power,0.0
DK,Battery,93,Power,2.6406053821192828
DE,Battery,54,Power,0.0
NO,H2Tank,115,H2,3.1788320901111122
FR,Battery,81,Power,9.274331871180305
UK,PHS,111,Power,0.0
DE,PHS,40,Power,0.0
UK,PHS,23,Power,0.0
UK,PHS,15,Power,0.0
DE,Battery,65,Power,2.169775023423994
NO,Battery,79,Power,0.0
UK,Battery,39,Power,4.370971520741769
NO,Battery,18,Power,0.0
DK,Battery,3,Power,16.86595380827624
DE,Battery,109,Power,3.049847146201007
DK,PHS,91,Power,0.0
DE,Battery,18,Power,0.0
DK,PHS,46,Power,0.0
DE,Battery,37,Power,3.314950686863105
FR,H2Tank,73,H2,115.43309900205631
DK,PHS,94,Power,0.0
DK,H2Tank,118,H2,47.478475685808284
UK,Battery,109,Power,12.693579302306457
UK,PHS,116,Power,0.0
UK,H2Tank,82,H2,93.68055967731641
DK,PHS,30,Power,0.0
UK,Battery,95,Power,12.711363648699368
FR,PHS,53,Power,0.0
DK,H2Tank,9,H2,29.934616036685405
FR,PHS,1,Power,0.0
DK,H2Tank,27,H2,7.0103354512561085
UK,Battery,69,Power,4.357877602171486
DE,PHS,32,Power,0.0
DK,Battery,110,Power,1.5193051563278035
DE,Battery,100,Power,3.052593381567179
NO,PHS,105,Power,0.0
NO,PHS,54,Power,0.0
DK,H2Tank,74,H2,44.454070682745495
DE,Battery,31,Power,2.253604916393931
UK,Battery,76,Power,4.354828002851754
DK,H2Tank,99,H2,55.819805537038505
FR,PHS,37,Power,0.0
NO,PHS,32,Power,0.0
DE,Battery,81,Power,3.0583991129817654
UK,H2Tank,20,H2,12.798065723861555
DE,PHS,87,Power,0.0
FR,Battery,11,Power,5.542938368999986
NO,PHS,91,Power,0.0
DE,H2Tank,71,H2,50.79847021867711
NO,H2Tank,95,H2,1.5089693684210492
UK,PHS,77,Power,0.0
FR,Battery,74,Power,2.435940443719717
UK,Battery,27,Power,0.0
UK,Battery,35,Power,0.0
DK,H2Tank,101,H2,60.30982085659101
DE,PHS,10,Power,0.0
FR,PHS,8,Power,0.0
DE,PHS,93,Power,0.0
NO,PHS,93,Power,0.0
NO,H2Tank,27,H2,0.0
NO,Battery,35,Power,0.0
DK,H2Tank,3,H2,40.46093182615914
DK,H2Tank,107,H2,56.80104892676637
UK,H2Tank,39,H2,62.40883317689735
DK,Battery,79,Power,16.507959111164986
DK,Battery,50,Power,0.0
UK,H2Tank,23,H2,0.0
NO,Battery,14,Power,0.0
DK,PHS,41,Power,0.0
NO,PHS,87,Power,0.0
DK,H2Tank,68,H2,48.02607825264028
DE,Battery,46,Power,3.3119684243487626
UK,H2Tank,26,H2,0.0
DE,H2Tank,30,H2,51.567559879019846
FR,PHS,6,Power,0.0
UK,Battery,98,Power,12.70755062093296
DK,Battery,115,Power,0.0
UK,PHS,6,Power,0.0
UK,H2Tank,5,H2,28.004028344195113
DE,H2Tank,115,H2,78.65298101639881
FR,PHS,47,Power,0.0
DK,H2Tank,54,H2,28.356069006416295
FR,PHS,22,Power,0.0
UK,Battery,87,Power,12.72153731723502
DK,H2Tank,30,H2,8.771681491422775
DE,H2Tank,79,H2,145.30425592872976
FR,Battery,85,Power,9.27062269485465
FR,Battery,38,Power,0.0
FR,Battery,88,Power,9.267841786155604
DE,Battery,90,Power,3.055647654546896
DK,PHS,103,Power,0.0
UK,Battery,119,Power,7.287867244224424
FR,H2Tank,106,H2,265.73138791960656
DK,H2Tank,10,H2,28.180230071773117
DE,H2Tank,68,H2,66.18119116604551
UK,PHS,5,Power,0.0
DE,H2Tank,16,H2,12.104151448075742
DK,H2Tank,46,H2,5.263157894736841
FR,PHS,54,Power,0.0
NO,H2Tank,45,H2,3.68273654678362
FR,Battery,58,Power,5.542384075163087
DK,H2Tank,66,H2,51.53485018246486
DK,PHS,42,Power,0.0
FR,H2Tank,116,H2,178.82403694241415
DK,H2Tank,80,H2,74.50879676102349
FR,Battery,46,Power,0.0
DK,Battery,1,Power,16.86932750508398
DE,Battery,26,Power,0.0
NO,H2Tank,75,H2,2.875219522484974
NO,H2Tank,111,H2,0.0
UK,H2Tank,81,H2,80.18487636873607
DE,H2Tank,117,H2,69.63353664118935
DE,PHS,56,Power,0.0
FR,H2Tank,93,H2,225.89339221289816
DE,Battery,19,Power,0.0
DE,Battery,103,Power,3.051677695127457
UK,PHS,115,Power,0.0
DK,PHS,59,Power,0.0
DE,H2Tank,42,H2,49.794698064650504
DE,H2Tank,86,H2,144.97517911107767
UK,PHS,120,Power,0.0
DK,H2Tank,112,H2,52.92304327670262
UK,Battery,10,Power,0.0
DK,Battery,13,Power,13.995928455113027
FR,PHS,107,Power,0.0
NO,PHS,120,Power,0.0
DE,H2Tank,89,H2,135.527122422324
DK,H2Tank,20,H2,10.636370422650286
DE,PHS,48,Power,0.0
UK,H2Tank,90,H2,88.08301556029151
FR,Battery,119,Power,9.239154530453021
FR,H2Tank,23,H2,32.142050227447186
NO,Battery,61,Power,0.0
NO,PHS,40,Power,0.0
FR,Battery,7,Power,0.0
FR,H2Tank,39,H2,64.41310004993416
FR,H2Tank,63,H2,203.15239724767068
DK,PHS,4,Power,0.0
NO,H2Tank,8,H2,4.388148827157889
FR,H2Tank,83,H2,307.0973158848283
FR,PHS,38,Power,0.0
UK,PHS,68,Power,0.0
UK,H2Tank,34,H2,33.948358068750366
NO,PHS,6,Power,0.0
UK,PHS,81,Power,0.0
DE,PHS,92,Power,0.0
UK,PHS,36,Power,0.0
DK,H2Tank,96,H2,55.996055361023295
FR,PHS,70,Power,0.0
UK,PHS,97,Power,0.0
NO,PHS,11,Power,0.0
UK,H2Tank,3,H2,42.039116063493374
UK,PHS,106,Power,0.0
UK,H2Tank,2,H2,48.659612476651276
FR,PHS,2,Power,0.0
DE,Battery,58,Power,2.1712944736597026
DE,PHS,34,Power,0.0
NO,H2Tank,82,H2,7.545033800033943
UK,Battery,68,Power,4.358313433514838
UK,H2Tank,101,H2,80.06766385398218
FR,Battery,34,Power,0.0
UK,H2Tank,44,H2,66.63738664192518
DE,Battery,101,Power,3.052288122229022
DE,PHS,19,Power,0.0
FR,PHS,17,Power,0.0
FR,H2Tank,66,H2,176.83660777398634
NO,PHS,22,Power,0.0
DE,PHS,30,Power,0.0
NO,H2Tank,33,H2,0.0
DK,H2Tank,120,H2,45.72408972089599
DE,Battery,34,Power,3.315945370999359
NO,H2Tank,6,H2,6.378653537962565
UK,Battery,3,Power,10.797380257821652
DK,H2Tank,89,H2,67.15507252242689
UK,PHS,60,Power,0.0
DE,H2Tank,52,H2,79.81081323724995
FR,H2Tank,112,H2,213.91175624065968
NO,PHS,78,Power,0.0
FR,H2Tank,104,H2,274.503317744168
DK,PHS,20,Power,0.0
DK,PHS,84,Power,0.0
FR,H2Tank,45,H2,34.920002108771925
DK,H2Tank,113,H2,52.434890083720155
FR,Battery,103,Power,9.253949750494643
UK,Battery,37,Power,4.37184584619255
NO,Battery,15,Power,0.0
DK,H2Tank,117,H2,47.47847568580829
FR,Battery,17,Power,0.0
FR,PHS,90,Power,0.0
UK,Battery,32,Power,0.0
UK,PHS,34,Power,0.0
UK,PHS,87,Power,0.0
FR,Battery,56,Power,0.0
DK,H2Tank,83,H2,72.75441079611117
FR,PHS,109,Power,0.0
DK,PHS,37,Power,0.0
FR,H2Tank,69,H2,150.52081830030207
FR,Battery,52,Power,0.0
FR,PHS,66,Power,0.0
DE,PHS,99,Power,0.0
FR,H2Tank,55,H2,137.94469007083322
DE,PHS,24,Power,0.0
DE,H2Tank,119,H2,73.3233173561894
NO,PHS,114,Power,0.0
UK,H2Tank,68,H2,30.767573490350863
DK,PHS,2,Power,0.0
NO,PHS,49,Power,0.0
NO,Battery,70,Power,0.0
NO,H2Tank,15,H2,0.355340589759062
UK,PHS,14,Power,0.0
DK,H2Tank,23,H2,5.373212527913439
FR,H2Tank,37,H2,81.95695969905694
UK,PHS,104,Power,0.0
FR,H2Tank,87,H2,278.5249711602668
UK,H2Tank,27,H2,0.0
FR,PHS,57,Power,0.0
DK,Battery,55,Power,23.393107786991543
DK,PHS,64,Power,0.0
UK,H2Tank,117,H2,55.677156336300385
NO,Battery,34,Power,0.0
FR,PHS,105,Power,0.0
DK,Battery,72,Power,0.0
UK,Battery,26,Power,0.0
DE,H2Tank,33,H2,94.75591628193985
NO,H2Tank,104,H2,0.4544284421052618
NO,Battery,80,Power,0.0
DK,Battery,30,Power,1.2968465531315845
FR,Battery,65,Power,2.4381338866943154
DK,H2Tank,76,H2,56.513515755745246
DK,H2Tank,48,H2,1.7543859649122806
NO,Battery,96,Power,0.0
NO,H2Tank,113,H2,1.0748185345555559
FR,Battery,72,Power,2.4364277048964196
FR,H2Tank,62,H2,211.9243270722321
DK,H2Tank,1,H2,43.96970375598371
NO,Battery,9,Power,0.0
DE,H2Tank,101,H2,100.23003603065034
NO,H2Tank,34,H2,0.0
DK,PHS,22,Power,0.0
FR,Battery,26,Power,0.0
FR,Battery,75,Power,2.435696849675345
NO,PHS,118,Power,0.0
DE,PHS,100,Power,0.0
DK,Battery,77,Power,10.246047768177807
DE,PHS,49,Power,0.0
DK,H2Tank,37,H2,15.984623814464452
NO,Battery,69,Power,0.0
DK,Battery,69,Power,15.419713899637673
UK,PHS,103,Power,0.0
FR,Battery,29,Power,0.0
UK,H2Tank,114,H2,52.85457540255036
DE,Battery,14,Power,0.0
FR,PHS,86,Power,0.0
DK,Battery,31,Power,1.2967168684762713
DE,H2Tank,17,H2,12.10415144807574
FR,PHS,12,Power,0.0
FR,H2Tank,18,H2,58.45783970113136
DE,PHS,104,Power,0.0
NO,Battery,57,Power,0.0
FR,H2Tank,46,H2,26.31578947368421
DK,Battery,100,Power,20.37062893445045
FR,PHS,89,Power,0.0
FR,H2Tank,79,H2,265.0814665668899
NO,Battery,85,Power,0.0
DK,PHS,40,Power,0.0
NO,Battery,92,Power,0.0
DK,Battery,104,Power,24.68494218297969
FR,H2Tank,30,H2,45.89528548365772
UK,PHS,109,Power,0.0
DK,Battery,88,Power,8.454392197643921
NO,Battery,54,Power,0.0
FR,H2Tank,54,H2,108.17916827449992
NO,H2Tank,97,H2,1.5089693684210497
UK,Battery,112,Power,7.29297079251054
DE,Battery,9,Power,0.0
DE,PHS,17,Power,0.0
UK,Battery,64,Power,4.360057194806769
UK,H2Tank,99,H2,80.93302453760795
DE,Battery,71,Power,2.1684734838328015
DK,H2Tank,44,H2,8.771929824561399
UK,PHS,112,Power,0.0
UK,PHS,90,Power,0.0
DE,Battery,30,Power,0.42575109675181105
DE,PHS,118,Power,0.0
NO,PHS,24,Power,0.0
DK,Battery,8,Power,14.00292851921981
UK,PHS,57,Power,0.0
DE,Battery,76,Power,0.0
NO,H2Tank,105,H2,0.45442844210526195
UK,PHS,65,Power,0.0
DE,H2Tank,106,H2,91.06253247805142
DE,Battery,15,Power,0.0
DE,PHS,103,Power,0.0
UK,PHS,45,Power,0.0
DE,Battery,50,Power,0.0
NO,Battery,101,Power,0.0
FR,Battery,100,Power,9.25672649074933
DE,Battery,44,Power,3.3126309174059347
FR,Battery,66,Power,2.4378900733056463
DK,Battery,20,Power,0.0
NO,H2Tank,98,H2,0.4544284421052613
DE,PHS,105,Power,0.0
DK,Battery,57,Power,26.849248130801712
DK,PHS,24,Power,0.0
UK,PHS,40,Power,0.0
NO,H2Tank,46,H2,3.6827365467836195
DE,Battery,85,Power,3.0571759368282856
DK,Battery,103,Power,24.466029143394028
UK,Battery,14,Power,2.50616665957873
DE,H2Tank,1,H2,77.84658762018941
FR,PHS,80,Power,0.0
FR,Battery,35,Power,0.0
UK,H2Tank,91,H2,88.0830155602915
UK,PHS,107,Power,0.0
UK,PHS,79,Power,0.0
DK,Battery,7,Power,14.004328952115022
NO,H2Tank,59,H2,3.0990729380911657
FR,Battery,86,Power,9.269695632585165
FR,PHS,114,Power,0.0
DE,H2Tank,61,H2,130.54676015551925
NO,H2Tank,76,H2,4.911278642554421
NO,Battery,97,Power,0.0
DK,Battery,34,Power,1.2963278923159374
DK,PHS,7,Power,0.0
FR,PHS,100,Power,0.0
NO,Battery,42,Power,0.0
DE,H2Tank,85,H2,147.5092344126029
NO,PHS,103,Power,0.0
FR,H2Tank,84,H2,298.32538606026685
NO,H2Tank,91,H2,1.5089693684210486
NO,H2Tank,73,H2,3.099072938091161
FR,H2Tank,114,H2,196.36789659153692
DK,Battery,86,Power,6.862338733289396
UK,H2Tank,77,H2,35.34358039193055
DK,PHS,72,Power,0.0
DE,Battery,40,Power,3.313956301102252
UK,H2Tank,4,H2,35.02157220384424
UK,Battery,78,Power,4.353957080799463
UK,PHS,71,Power,0.0
FR,Battery,30,Power,0.0
DK,H2Tank,87,H2,67.49125290137428
DE,Battery,42,Power,3.3132935429815946
FR,PHS,87,Power,0.0
NO,PHS,59,Power,0.0
NO,PHS,95,Power,0.0
DK,Battery,44,Power,0.7030013583660759
DK,Battery,106,Power,27.978982724696912
UK,Battery,50,Power,4.366165855382225
NO,H2Tank,101,H2,0.4544284421052616
DE,PHS,75,Power,0.0
FR,H2Tank,96,H2,202.71406701289808
UK,H2Tank,18,H2,19.81560958351067
DE,PHS,2,Power,0.0
FR,H2Tank,98,H2,203.44644954741827
DE,PHS,45,Power,0.0
UK,H2Tank,46,H2,66.6373866419252
NO,Battery,72,Power,0.0
DE,PHS,50,Power,0.0
DK,PHS,114,Power,0.0
DE,PHS,52,Power,0.0
DK,PHS,119,Power,0.0
DE,PHS,67,Power,0.0
DK,Battery,49,Power,0.0
DK,Battery,36,Power,1.296068639700753
DK,H2Tank,104,H2,58.555434891678686
NO,Battery,71,Power,0.0
UK,H2Tank,71,H2,21.052631578947363
UK,Battery,99,Power,12.706279865870869
DK,PHS,12,Power,0.0
NO,Battery,111,Power,0.0
UK,Battery,42,Power,4.369660360410322
UK,PHS,62,Power,0.0
FR,PHS,42,Power,0.0
DK,H2Tank,90,H2,65.40068655751459
DK,Battery,22,Power,0.0
UK,H2Tank,6,H2,20.986484484545983
NO,H2Tank,58,H2,3.0990729380911666
UK,PHS,58,Power,0.0
DK,H2Tank,16,H2,17.653914282299414
DK,Battery,109,Power,1.5194571020380068
DK,Battery,105,Power,27.739100644761393
DE,H2Tank,72,H2,40.27215442920343
DK,H2Tank,55,H2,34.38579154291617
NO,PHS,4,Power,0.0
NO,Battery,106,Power,0.0
DE,Battery,36,Power,3.315282215084614
DE,Battery,80,Power,1.2306257808080499
DK,PHS,117,Power,0.0
UK,Battery,92,Power,12.715177820602928
NO,PHS,21,Power,0.0
NO,Battery,89,Power,0.0
UK,PHS,93,Power,0.0
DK,H2Tank,32,H2,14.381112246297779
DK,PHS,49,Power,0.0
NO,Battery,115,Power,0.0
NO,PHS,5,Power,0.0
NO,H2Tank,57,H2,3.099072938091167
DE,Battery,28,Power,0.0
NO,PHS,92,Power,0.0
UK,Battery,47,Power,4.36747596715246
DE,H2Tank,38,H2,73.14107127137368
UK,H2Tank,22,H2,0.0
UK,Battery,115,Power,7.29078312005462
NO,Battery,40,Power,0.0
UK,Battery,29,Power,0.0
NO,H2Tank,107,H2,0.0
FR,H2Tank,107,H2,256.9594580950451
DE,Battery,117,Power,3.0474081222704767
FR,H2Tank,77,H2,204.49866491647327
FR,PHS,4,Power,0.0
NO,Battery,108,Power,0.0
DE,H2Tank,31,H2,83.51993022928973
UK,PHS,11,Power,0.0
DK,PHS,8,Power,0.0
DE,Battery,16,Power,0.0
DK,PHS,98,Power,0.0
FR,H2Tank,57,H2,193.6161684956665
UK,H2Tank,14,H2,40.86824116245802
DE,PHS,65,Power,0.0
DK,H2Tank,92,H2,61.89191462769001
FR,H2Tank,40,H2,55.64117022537277
NO,PHS,52,Power,0.0
NO,PHS,1,Power,0.0
DE,Battery,74,Power,0.0
FR,PHS,74,Power,0.0
DE,H2Tank,97,H2,101.75235472535464
NO,Battery,114,Power,0.0
UK,H2Tank,64,H2,58.837748928947335
FR,PHS,13,Power,0.0
DE,PHS,59,Power,0.0
UK,Battery,86,Power,12.722809598194841
DE,H2Tank,103,H2,91.06253247805134
DE,PHS,9,Power,0.0
UK,Battery,60,Power,4.361801653777628
NO,PHS,48,Power,0.0
DE,H2Tank,23,H2,3.2595080661431197
DE,PHS,11,Power,0.0
DE,Battery,59,Power,2.171077344212337
UK,Battery,44,Power,4.368786472034844
UK,Battery,66,Power,4.359185226968379
UK,H2Tank,85,H2,95.8495192832455
DE,Battery,69,Power,2.1689072435924475
DE,PHS,79,Power,0.0
FR,Battery,48,Power,0.0
DK,PHS,63,Power,0.0
FR,PHS,44,Power,0.0
DE,PHS,42,Power,0.0
UK,PHS,28,Power,0.0
DE,Battery,68,Power,2.169124156008048
NO,PHS,28,Power,0.0
DK,H2Tank,73,H2,39.25414842807884
UK,PHS,2,Power,0.0
DK,Battery,12,Power,13.99732818793182
NO,H2Tank,30,H2,0.0
DK,PHS,67,Power,0.0
DK,PHS,99,Power,0.0
UK,PHS,74,Power,0.0
UK,PHS,89,Power,0.0
DK,PHS,111,Power,0.0
DE,H2Tank,44,H2,39.78909853154634
DK,PHS,1,Power,0.0
FR,PHS,77,Power,0.0
FR,PHS,113,Power,0.0
NO,Battery,39,Power,0.0
DE,Battery,119,Power,3.0467986711201047
FR,PHS,29,Power,0.0
UK,PHS,66,Power,0.0
NO,PHS,111,Power,0.0
FR,H2Tank,9,H2,86.93619536172336
FR,PHS,68,Power,0.0
NO,H2Tank,43,H2,3.682736546783621
DK,PHS,57,Power,0.0
DK,Battery,91,Power,7.02573306459487
UK,H2Tank,119,H2,48.659612476651276
DE,H2Tank,19,H2,8.618087372898907
NO,PHS,97,Power,0.0
UK,Battery,58,Power,4.362674144979883
DE,H2Tank,65,H2,97.76013853446652
DK,Battery,11,Power,13.998728060737898
DK,Battery,66,Power,23.87797800256772
UK,Battery,82,Power,8.35517964803492
DK,PHS,14,Power,0.0
UK,PHS,18,Power,0.0
DE,Battery,63,Power,2.170209043530609
DE,H2Tank,91,H2,125.77225584337657
DK,PHS,11,Power,0.0
DK,H2Tank,31,H2,11.045369962964442
NO,H2Tank,120,H2,11.24989811688888
DE,PHS,112,Power,0.0
FR,Battery,12,Power,11.08532244416307
DK,H2Tank,56,H2,40.41551407941604
FR,H2Tank,17,H2,58.45783970113135
NO,PHS,88,Power,0.0
UK,Battery,52,Power,4.365292665872807
NO,H2Tank,99,H2,0.4544284421052614
DE,PHS,39,Power,0.0
FR,Battery,45,Power,0.0
FR,H2Tank,78,H2,236.02290319255658
DK,PHS,110,Power,0.0
DK,PHS,47,Power,0.0
NO,H2Tank,3,H2,11.24989811688888
UK,Battery,100,Power,12.70500923788428
UK,PHS,48,Power,0.0
UK,H2Tank,49,H2,61.62473826560944
UK,H2Tank,69,H2,23.75002963070174
NO,PHS,15,Power,0.0
DE,Battery,25,Power,0.0
DE,Battery,114,Power,3.048322527582124
DE,Battery,20,Power,0.0
UK,H2Tank,83,H2,97.31922495330252
FR,PHS,78,Power,0.0
DE,PHS,3,Power,0.0
NO,H2Tank,1,H2,11.24989811688888
UK,H2Tank,13,H2,40.86824116245803
DE,H2Tank,66,H2,87.23382274499285
DK,PHS,62,Power,0.0
UK,PHS,119,Power,0.0
UK,PHS,100,Power,0.0
DE,H2Tank,27,H2,0.0
DE,H2Tank,92,H2,124.71620695767359
DK,Battery,17,Power,0.0
NO,Battery,100,Power,0.0
NO,H2Tank,35,H2,0.0
DE,PHS,33,Power,0.0
NO,PHS,37,Power,0.0
FR,PHS,40,Power,0.0
FR,H2Tank,97,H2,201.25099640766828
FR,PHS,85,Power,0.0
DE,Battery,95,Power,3.0541201362538324
DE,Battery,89,Power,3.055953249871883
DE,PHS,36,Power,0.0
DK,PHS,3,Power,0.0
DE,PHS,97,Power,0.0
UK,H2Tank,96,H2,81.06547170064232
UK,PHS,52,Power,0.0
NO,Battery,44,Power,0.0
DK,H2Tank,98,H2,54.24166939611098
UK,Battery,108,Power,12.694848787185176
FR,H2Tank,32,H2,82.93642839774108
DE,H2Tank,7,H2,58.632245455538815
FR,PHS,3,Power,0.0
FR,Battery,6,Power,0.0
UK,PHS,44,Power,0.0
DE,Battery,55,Power,0.0
DK,H2Tank,95,H2,57.75044132593558
DE,H2Tank,54,H2,111.48547492974988
FR,PHS,73,Power,0.0
DE,PHS,29,Power,0.0
FR,Battery,83,Power,9.272477097549388
FR,Battery,2,Power,9.23638306125928
DE,PHS,38,Power,0.0
FR,Battery,95,Power,9.261356242827723
DK,PHS,50,Power,0.0
UK,PHS,64,Power,0.0
NO,Battery,91,Power,0.0
DK,Battery,10,Power,14.000128073545252
UK,H2Tank,19,H2,19.815609583510675
DE,Battery,38,Power,3.3146191917944194
NO,H2Tank,26,H2,0.0
DE,PHS,73,Power,0.0
NO,PHS,66,Power,0.0
FR,Battery,105,Power,9.252099053084041
NO,H2Tank,62,H2,3.099072938091165
UK,Battery,116,Power,7.290054041742615
UK,H2Tank,1,H2,48.659612476651276
DE,PHS,4,Power,0.0
DE,H2Tank,81,H2,155.69317524037876
UK,H2Tank,73,H2,7.017543859649122
DK,H2Tank,34,H2,16.212383571631115
DK,H2Tank,52,H2,16.81509933841642
DK,PHS,81,Power,0.0
FR,Battery,63,Power,2.438621586625425
UK,PHS,39,Power,0.0
DE,Battery,116,Power,3.047712893559833
FR,Battery,116,Power,9.241926831253839
NO,PHS,104,Power,0.0
FR,Battery,31,Power,0.0
UK,Battery,19,Power,0.5167628128270374
FR,PHS,48,Power,0.0
UK,Battery,85,Power,12.72408200639548
DK,PHS,115,Power,0.0
UK,Battery,72,Power,4.356570369622807
FR,H2Tank,117,H2,176.45439924416857
FR,PHS,43,Power,0.0
DK,Battery,54,Power,18.25541840441071
DE,H2Tank,57,H2,147.41880058367056
NO,H2Tank,7,H2,4.767584523349702
UK,H2Tank,56,H2,71.55018439179958
NO,H2Tank,5,H2,7.214831378891221
NO,H2Tank,12,H2,3.7375112362292304
FR,Battery,118,Power,9.240078538306854
DK,PHS,83,Power,0.0
NO,Battery,75,Power,0.0
UK,Battery,106,Power,12.69738813783886
FR,H2Tank,15,H2,76.00169935025413
FR,H2Tank,35,H2,92.74259170607445
UK,H2Tank,84,H2,93.43582818595385
UK,H2Tank,107,H2,77.20614760510492
FR,Battery,40,Power,0.0
DE,H2Tank,118,H2,69.63353664118944
FR,Battery,41,Power,0.0
FR,Battery,42,Power,0.0
FR,PHS,118,Power,0.0
NO,PHS,12,Power,0.0
NO,PHS,53,Power,0.0
DE,Battery,61,Power,2.170643150454268
DK,PHS,65,Power,0.0
NO,PHS,27,Power,0.0
DE,H2Tank,29,H2,19.615189528749983
DK,PHS,69,Power,0.0
DK,Battery,75,Power,5.582199709421274
FR,Battery,15,Power,5.820847549033333
NO,H2Tank,55,H2,3.0990729380911675
DK,PHS,25,Power,0.0
FR,Battery,96,Power,9.260430107203444
FR,H2Tank,22,H2,32.14205022744718
DE,PHS,12,Power,0.0
NO,H2Tank,88,H2,1.5089693684210481
DE,PHS,14,Power,0.0
FR,PHS,63,Power,0.0
DK,Battery,84,Power,19.047682071879542
UK,Battery,13,Power,2.50641730130886
NO,H2Tank,47,H2,3.682736546783618
DE,Battery,4,Power,0.789064670567514
NO,H2Tank,56,H2,3.099072938091167
DE,Battery,118,Power,3.0471033814582507
NO,H2Tank,31,H2,0.0
UK,PHS,32,Power,0.0
DK,H2Tank,62,H2,58.552394042114045
FR,Battery,53,Power,0.0
UK,H2Tank,21,H2,5.780521864212435
DK,PHS,75,Power,0.0
DE,H2Tank,111,H2,80.78541941415354
DK,H2Tank,116,H2,47.17173218898329
DK,H2Tank,82,H2,74.50879676102348
DE,Battery,23,Power,0.0
DE,H2Tank,15,H2,14.186138649568365
NO,Battery,26,Power,0.0
UK,H2Tank,86,H2,95.71191188938586
DE,H2Tank,41,H2,60.321013854124146
UK,Battery,93,Power,12.71390630282087
UK,Battery,1,Power,7.292810850917136
DK,Battery,6,Power,14.005729525067528
NO,Battery,117,Power,0.0
FR,PHS,18,Power,0.0
FR,PHS,64,Power,0.0
FR,Battery,21,Power,0.0
UK,H2Tank,31,H2,7.0122807424170155
DE,H2Tank,120,H2,77.8465876201894
DE,Battery,56,Power,0.0
UK,PHS,49,Power,0.0
NO,Battery,118,Power,0.0
NO,H2Tank,37,H2,3.8524853888888893
UK,H2Tank,38,H2,69.42637703654646
DE,PHS,71,Power,0.0
FR,PHS,34,Power,0.0
DE,PHS,114,Power,0.0
DE,H2Tank,3,H2,67.32027183071571
NO,H2Tank,9,H2,4.388148827157889
DE,H2Tank,25,H2,0.0
DE,PHS,102,Power,0.0
FR,H2Tank,43,H2,33.505075251688574
NO,Battery,6,Power,0.0
FR,H2Tank,24,H2,32.14205022744719
DK,Battery,113,Power,11.639433753758626
DE,Battery,2,Power,0.7892225071767233
NO,Battery,2,Power,0.0
DK,H2Tank,77,H2,62.54323829224511
FR,PHS,99,Power,0.0
FR,H2Tank,118,H2,171.10344418276506
DE,Battery,35,Power,3.3156137764622593
FR,H2Tank,60,H2,229.468186721355
NO,PHS,55,Power,0.0
DK,Battery,85,Power,13.275629755524207
DK,H2Tank,11,H2,26.42584410686083
UK,Battery,67,Power,4.358749308445683
NO,PHS,61,Power,0.0
UK,PHS,67,Power,0.0
DK,PHS,54,Power,0.0
FR,Battery,57,Power,5.5429383689999865
NO,PHS,108,Power,0.0
FR,PHS,101,Power,0.0
DK,Battery,82,Power,33.742029213089275
NO,Battery,50,Power,0.0
DE,H2Tank,88,H2,141.756381081744
NO,H2Tank,63,H2,3.099072938091165
NO,Battery,107,Power,0.0
NO,PHS,56,Power,0.0
DE,PHS,116,Power,0.0
DE,PHS,63,Power,0.0
UK,Battery,57,Power,4.363110456025485
DK,H2Tank,6,H2,35.19777393142227
UK,Battery,59,Power,4.362237877565385
UK,Battery,83,Power,12.72662720457012
DK,PHS,116,Power,0.0
UK,PHS,110,Power,0.0
DE,H2Tank,9,H2,39.22827473825674
FR,PHS,58,Power,0.0
NO,PHS,50,Power,0.0
FR,H2Tank,49,H2,0.0
DK,Battery,70,Power,11.566905217136599
UK,H2Tank,95,H2,81.06547170064233
DE,H2Tank,94,H2,110.23223959672838
NO,PHS,25,Power,0.0
FR,Battery,73,Power,2.43618406212593
FR,H2Tank,72,H2,124.20502882661775
NO,Battery,47,Power,0.0
DK,PHS,21,Power,0.0
UK,PHS,51,Power,0.0
NO,Battery,112,Power,0.0
FR,H2Tank,27,H2,14.598190578324397
DK,PHS,74,Power,0.0
NO,H2Tank,36,H2,1.952814840444445
UK,PHS,75,Power,0.0
UK,H2Tank,9,H2,14.24553303279159
NO,PHS,19,Power,0.0
NO,PHS,77,Power,0.0
NO,H2Tank,89,H2,1.5089693684210481
DK,Battery,52,Power,9.066574406204927
UK,H2Tank,93,H2,88.08301556029147
DK,PHS,66,Power,0.0
FR,PHS,33,Power,0.0
FR,Battery,43,Power,0.0
NO,PHS,110,Power,0.0
UK,PHS,83,Power,0.0
NO,H2Tank,103,H2,0.45442844210526173
FR,Battery,68,Power,2.437402519669886
FR,H2Tank,103,H2,259.8701085523348
UK,PHS,70,Power,0.0
FR,H2Tank,91,H2,243.43725186202104
NO,Battery,95,Power,0.0
DK,H2Tank,84,H2,71.00002483119889
UK,Battery,110,Power,7.2944296054873385
UK,H2Tank,29,H2,3.484882641625005
FR,PHS,10,Power,0.0
DE,PHS,76,Power,0.0
DE,PHS,82,Power,0.0
NO,Battery,28,Power,0.0
UK,Battery,33,Power,0.0
UK,PHS,105,Power,0.0
DE,H2Tank,14,H2,18.17453752474516
DK,PHS,108,Power,0.0
DK,H2Tank,29,H2,8.464557407714441
FR,Battery,61,Power,2.4391093841111524
FR,Battery,76,Power,2.435453279990377
UK,Battery,43,Power,4.369223394374281
DK,Battery,15,Power,0.14105750144803217
DK,Battery,2,Power,16.86764057233347
DK,PHS,68,Power,0.0
UK,H2Tank,80,H2,65.30509591374998
FR,Battery,109,Power,9.248398768551745
UK,H2Tank,37,H2,72.62998680145873
FR,H2Tank,26,H2,23.370120402885796
FR,PHS,91,Power,0.0
FR,PHS,49,Power,0.0
DK,PHS,6,Power,0.0
NO,PHS,84,Power,0.0
DE,H2Tank,11,H2,39.22827473825673
DE,PHS,13,Power,0.0
UK,Battery,7,Power,0.0
FR,PHS,16,Power,0.0
FR,H2Tank,110,H2,231.45561588978237
NO,H2Tank,78,H2,11.38424558099886
DE,H2Tank,78,H2,132.28335754497974
FR,H2Tank,92,H2,234.6653220374596
UK,H2Tank,32,H2,18.865781223278137
FR,H2Tank,31,H2,67.16512592399107
DE,H2Tank,37,H2,83.66738706084737
NO,Battery,7,Power,0.0
DE,PHS,47,Power,0.0
UK,PHS,24,Power,0.0
DK,Battery,56,Power,26.851933324134126
DK,H2Tank,5,H2,36.95215989633456
UK,H2Tank,115,H2,52.85457540255037
DE,Battery,11,Power,0.0
FR,H2Tank,14,H2,84.77362917481551
FR,H2Tank,21,H2,40.913980052008576
DE,Battery,93,Power,3.054731051916905
UK,H2Tank,36,H2,70.0709824417226
DE,PHS,28,Power,0.0
DE,H2Tank,12,H2,34.48593526307989
DE,H2Tank,108,H2,90.11563541340087
FR,Battery,9,Power,0.0
UK,Battery,91,Power,12.716449465549486
UK,H2Tank,104,H2,79.76458823054355
DE,PHS,68,Power,0.0
DK,PHS,32,Power,0.0
DE,Battery,66,Power,2.1695580459216517
DE,H2Tank,48,H2,0.0
NO,H2Tank,116,H2,5.016875285666669
FR,PHS,46,Power,0.0
FR,H2Tank,8,H2,92.1867349020742
UK,Battery,114,Power,7.291512271281747
NO,H2Tank,119,H2,10.22765315233333
FR,PHS,19,Power,0.0
NO,Battery,73,Power,0.0
DE,H2Tank,75,H2,64.77330847722975
NO,H2Tank,108,H2,0.0
DE,PHS,22,Power,0.0
UK,Battery,118,Power,7.2885961038348075
FR,Battery,79,Power,9.276187015821598
FR,H2Tank,25,H2,32.14205022744719
NO,Battery,67,Power,0.0
UK,PHS,86,Power,0.0
NO,H2Tank,41,H2,3.6827365467836226
DK,H2Tank,79,H2,71.64117396780432
UK,H2Tank,65,H2,51.82020506929822
DE,Battery,82,Power,3.058093273070467
DE,H2Tank,116,H2,69.63353664118937
NO,Battery,82,Power,0.0
UK,PHS,12,Power,0.0
DK,H2Tank,109,H2,53.29227699694178
DE,H2Tank,2,H2,67.32027183071573
FR,PHS,35,Power,0.0
FR,PHS,30,Power,0.0
UK,Battery,104,Power,12.699927996438864
FR,H2Tank,81,H2,310.6435794617231
DK,H2Tank,4,H2,38.706545861246845
NO,H2Tank,65,H2,3.099072938091164
DK,Battery,107,Power,21.175661885683702
DE,Battery,104,Power,3.0513725273579446
NO,PHS,45,Power,0.0
UK,H2Tank,47,H2,66.63738664192522
UK,Battery,89,Power,12.718993136986953
FR,PHS,56,Power,0.0
UK,PHS,54,Power,0.0
DE,PHS,41,Power,0.0
FR,Battery,10,Power,0.0
FR,Battery,120,Power,9.238230614999978
NO,Battery,94,Power,0.0
NO,PHS,57,Power,0.0
NO,Battery,52,Power,0.0
UK,PHS,80,Power,0.0
DK,PHS,61,Power,0.0
DE,Battery,99,Power,3.0528986714343223
DK,PHS,101,Power,0.0
DE,Battery,51,Power,0.0
DE,Battery,33,Power,3.3162769986992284
UK,H2Tank,40,H2,62.40883317689736
DK,Battery,81,Power,32.55379383447272
UK,Battery,63,Power,4.360493244131184
UK,Battery,77,Power,4.354392520051469
DE,Battery,32,Power,3.3166086595651842
NO,PHS,65,Power,0.0
DK,PHS,38,Power,0.0
FR,H2Tank,13,H2,84.77362917481551
DE,H2Tank,40,H2,68.06538950675574
FR,PHS,119,Power,0.0
DE,PHS,60,Power,0.0
DK,H2Tank,42,H2,12.280701754385957
NO,H2Tank,10,H2,4.388148827157887
DK,H2Tank,28,H2,7.5355793964227695
FR,PHS,50,Power,0.0
FR,H2Tank,90,H2,252.20918168658247
DK,H2Tank,36,H2,17.076061003938136
FR,H2Tank,101,H2,224.09213170216816
DK,PHS,13,Power,0.0
UK,Battery,38,Power,4.371408661607931
DK,PHS,35,Power,0.0
UK,PHS,47,Power,0.0
NO,Battery,19,Power,0.0
NO,PHS,83,Power,0.0
FR,PHS,39,Power,0.0
NO,H2Tank,17,H2,0.0
FR,PHS,110,Power,0.0
DE,PHS,70,Power,0.0
NO,H2Tank,11,H2,4.388148827157887
FR,H2Tank,115,H2,187.59596676697555
DK,PHS,15,Power,0.0
FR,H2Tank,95,H2,208.34953256377526
NO,Battery,56,Power,0.0
UK,PHS,30,Power,0.0
NO,H2Tank,16,H2,0.0
UK,PHS,96,Power,0.0
NO,PHS,20,Power,0.0
DK,Battery,5,Power,15.071404440839135
DE,H2Tank,69,H2,64.31901381867709
NO,PHS,39,Power,0.0
DK,H2Tank,47,H2,3.5087719298245603
NO,Battery,88,Power,0.0
UK,PHS,9,Power,0.0
UK,H2Tank,116,H2,53.17198170755037
FR,Battery,97,Power,9.259504064192724
NO,Battery,31,Power,0.0
NO,PHS,85,Power,0.0
UK,PHS,72,Power,0.0
DE,PHS,1,Power,0.0
DE,H2Tank,100,H2,101.7523547253546
DE,Battery,107,Power,3.050457207137862
DE,H2Tank,114,H2,78.65298101639883
NO,PHS,2,Power,0.0
FR,H2Tank,61,H2,220.69625689679356
NO,PHS,86,Power,0.0
NO,Battery,62,Power,0.0
FR,PHS,61,Power,0.0
NO,H2Tank,28,H2,0.0
DE,PHS,113,Power,0.0
DK,H2Tank,26,H2,0.9806129147555425
FR,Battery,104,Power,9.253024355519592
UK,H2Tank,53,H2,54.33265373052176
DK,Battery,118,Power,11.119470862956707
NO,Battery,25,Power,0.0
NO,PHS,82,Power,0.0
UK,Battery,30,Power,0.0
UK,PHS,73,Power,0.0
NO,PHS,73,Power,0.0
DE,PHS,86,Power,0.0
DK,H2Tank,12,H2,24.671458141948552
DE,PHS,98,Power,0.0
DE,H2Tank,26,H2,0.0
DK,Battery,95,Power,0.5547857452411918
UK,PHS,22,Power,0.0
DK,H2Tank,69,H2,46.271692287727994
DK,H2Tank,88,H2,67.15507252242689
DK,Battery,90,Power,7.558410157462468
DK,Battery,39,Power,1.7622711415400254
FR,PHS,60,Power,0.0
NO,PHS,71,Power,0.0
NO,Battery,24,Power,0.0
FR,PHS,108,Power,0.0
NO,Battery,17,Power,0.0
UK,Battery,103,Power,12.701198116250488
UK,PHS,35,Power,0.0
DK,H2Tank,39,H2,17.54385964912279
UK,PHS,4,Power,0.0
UK,PHS,101,Power,0.0
NO,PHS,26,Power,0.0
DK,PHS,19,Power,0.0
DE,PHS,5,Power,0.0
FR,Battery,111,Power,9.246549181282022
DK,Battery,63,Power,24.193250619489177
NO,Battery,83,Power,0.0
FR,H2Tank,52,H2,46.67030191999997
UK,Battery,97,Power,12.708821503083268
NO,H2Tank,21,H2,0.0
DK,Battery,16,Power,0.0
DE,Battery,72,Power,0.0
NO,H2Tank,29,H2,0.0
DE,Battery,78,Power,0.0
DE,H2Tank,45,H2,29.542913142072656
FR,PHS,21,Power,0.0
UK,PHS,50,Power,0.0
DE,PHS,80,Power,0.0
DE,Battery,87,Power,3.056564532212679
DK,Battery,99,Power,10.249045075031173
DK,Battery,97,Power,0.0
NO,PHS,51,Power,0.0
NO,H2Tank,106,H2,0.454428442105262
FR,PHS,96,Power,0.0
NO,PHS,3,Power,0.0
DK,H2Tank,7,H2,33.44338796650998
NO,PHS,99,Power,0.0
DK,H2Tank,61,H2,60.30678000702633
DE,H2Tank,35,H2,94.75591628193982
DK,Battery,48,Power,0.0
DE,H2Tank,56,H2,137.3770986992498
NO,PHS,35,Power,0.0
DK,Battery,114,Power,0.0
NO,PHS,13,Power,0.0
DK,PHS,45,Power,0.0
DK,H2Tank,97,H2,54.241669396111
FR,PHS,62,Power,0.0
UK,Battery,79,Power,4.353521685091383
UK,H2Tank,72,H2,14.035087719298241
DE,PHS,94,Power,0.0
DE,PHS,101,Power,0.0
DK,H2Tank,103,H2,58.55543489167871
DE,H2Tank,110,H2,80.83644835778404
UK,PHS,29,Power,0.0
DE,Battery,91,Power,3.0553420897814405
UK,H2Tank,58,H2,82.22242957389682
DE,Battery,49,Power,0.0
DE,H2Tank,67,H2,76.70750695551918
FR,H2Tank,120,H2,157.93462285469488
DE,H2Tank,93,H2,117.4407371508852
FR,H2Tank,88,H2,269.75304133570535
DE,H2Tank,107,H2,91.06253247805141
NO,PHS,113,Power,0.0
DK,H2Tank,40,H2,15.789473684210513
DE,H2Tank,53,H2,95.12283073924992
FR,PHS,116,Power,0.0
NO,H2Tank,4,H2,9.140099723621043
FR,Battery,67,Power,2.4376462842983155
NO,PHS,72,Power,0.0
NO,H2Tank,109,H2,0.0
FR,PHS,111,Power,0.0
UK,Battery,24,Power,0.0
UK,H2Tank,25,H2,0.0
UK,H2Tank,15,H2,33.850697302808896
FR,PHS,28,Power,0.0
NO,PHS,38,Power,0.0
NO,PHS,80,Power,0.0
UK,Battery,23,Power,0.0
FR,PHS,45,Power,0.0
NO,PHS,31,Power,0.0
DK,H2Tank,8,H2,31.68900200159769
DE,H2Tank,73,H2,34.48588513972975
DK,H2Tank,41,H2,14.035087719298238
DK,H2Tank,60,H2,58.18189211858256
NO,Battery,51,Power,0.0
UK,PHS,56,Power,0.0
DE,Battery,5,Power,0.7889857641004573
FR,Battery,55,Power,0.0
FR,H2Tank,85,H2,290.1481278409686
FR,Battery,32,Power,0.0
FR,H2Tank,80,H2,292.0205663720565
UK,Battery,48,Power,4.367039219555744
UK,H2Tank,67,H2,37.78511734999998
NO,PHS,41,Power,0.0
FR,PHS,83,Power,0.0
DE,H2Tank,32,H2,94.75591628193986
DK,H2Tank,57,H2,42.76650104104104
DK,Battery,73,Power,0.0
FR,Battery,82,Power,9.273404437993186
FR,H2Tank,67,H2,168.06467794942495
DK,PHS,113,Power,0.0
FR,PHS,94,Power,0.0
FR,H2Tank,11,H2,83.58318483189879
NO,H2Tank,92,H2,1.5089693684210488
FR,H2Tank,99,H2,214.17877418116822
FR,H2Tank,68,H2,159.2927481248635
DK,Battery,67,Power,22.821782293656355
FR,Battery,90,Power,9.265988310476791
UK,Battery,31,Power,0.0
UK,H2Tank,11,H2,38.4645660469027
DK,Battery,45,Power,0.7029310582302393
FR,PHS,69,Power,0.0
UK,PHS,38,Power,0.0
DK,Battery,116,Power,0.0
FR,PHS,23,Power,0.0
DK,H2Tank,65,H2,53.28923614737715
NO,H2Tank,93,H2,1.508969368421049
NO,PHS,98,Power,0.0
NO,Battery,43,Power,0.0
UK,H2Tank,66,H2,44.8026612096491
UK,H2Tank,120,H2,48.65961247665127
DE,PHS,107,Power,0.0
DE,Battery,113,Power,3.048627390321156
DE,PHS,109,Power,0.0
DK,PHS,112,Power,0.0
DK,H2Tank,33,H2,15.35801247242278
FR,Battery,33,Power,0.0
DK,PHS,51,Power,0.0
UK,H2Tank,7,H2,14.245533032791595
UK,H2Tank,63,H2,65.85529278859644
UK,PHS,76,Power,0.0
NO,H2Tank,87,H2,1.508969368421048
UK,Battery,102,Power,12.7024683630868
UK,PHS,1,Power,0.0
DK,H2Tank,119,H2,47.47847568580828
FR,H2Tank,33,H2,86.47110715057443
FR,Battery,44,Power,0.0
FR,Battery,93,Power,9.263208791954026
DE,Battery,67,Power,2.1693410901170593
NO,H2Tank,44,H2,3.6827365467836204
UK,PHS,94,Power,0.0
UK,PHS,31,Power,0.0
DE,Battery,1,Power,3.0461893418538666
DK,Battery,19,Power,0.0
DK,PHS,82,Power,0.0
DK,Battery,89,Power,11.145705172424154
FR,H2Tank,42,H2,38.097310576249974
DK,PHS,86,Power,0.0
UK,PHS,46,Power,0.0
DE,PHS,54,Power,0.0
DK,PHS,95,Power,0.0
NO,Battery,53,Power,0.0
DE,PHS,57,Power,0.0
DE,H2Tank,51,H2,53.25895698574997
UK,PHS,8,Power,0.0
FR,PHS,11,Power,0.0
FR,Battery,47,Power,0.0
UK,PHS,85,Power,0.0
DE,Battery,94,Power,3.0544255788117134
DK,Battery,9,Power,14.001528226367892
UK,H2Tank,113,H2,50.81388545734202
NO,Battery,86,Power,0.0
DK,H2Tank,86,H2,67.4912529013743
UK,H2Tank,105,H2,79.76458823054354
UK,H2Tank,87,H2,97.31922495330252
FR,Battery,84,Power,9.271549849839634
NO,H2Tank,67,H2,3.099072938091163
DE,PHS,61,Power,0.0
FR,Battery,13,Power,11.084213911918654
NO,H2Tank,85,H2,4.9134548526655175
NO,H2Tank,49,H2,3.682736546783617
DK,H2Tank,78,H2,68.57296082874497
DK,H2Tank,59,H2,52.78579385374923
NO,Battery,3,Power,0.0
FR,H2Tank,10,H2,83.58318483189879
DK,Battery,29,Power,1.29697625075666
DK,Battery,74,Power,0.0
FR,H2Tank,89,H2,260.9811115111439
FR,H2Tank,113,H2,205.13982641609832
NO,Battery,113,Power,0.0
DK,H2Tank,49,H2,0.0
DK,H2Tank,100,H2,60.309820856591024
DK,Battery,62,Power,29.047980862019823
DE,Battery,29,Power,0.0
DE,H2Tank,5,H2,67.32027183071568
UK,PHS,78,Power,0.0
FR,H2Tank,6,H2,109.6559165248812
FR,PHS,41,Power,0.0
DK,H2Tank,71,H2,42.76292035790342
DE,PHS,66,Power,0.0
UK,PHS,13,Power,0.0
FR,PHS,55,Power,0.0
DE,Battery,22,Power,0.0
DE,Battery,48,Power,0.0
UK,Battery,94,Power,12.712634912190586
NO,PHS,76,Power,0.0
NO,PHS,112,Power,0.0
DK,Battery,119,Power,17.624513257870422
UK,Battery,49,Power,4.366602515633788
UK,H2Tank,59,H2,86.93891865877181
DK,Battery,51,Power,2.176626376421286
DE,Battery,108,Power,3.0501521614171487
NO,H2Tank,77,H2,8.147762111776641
FR,H2Tank,119,H2,166.70655267925628
NO,Battery,55,Power,0.0
DE,Battery,84,Power,3.057481684996785
DE,H2Tank,82,H2,155.6931752403788
NO,PHS,68,Power,0.0
NO,H2Tank,102,H2,0.4544284421052617
DK,H2Tank,102,H2,60.309820856590996
UK,PHS,43,Power,0.0
UK,H2Tank,42,H2,62.40883317689739
NO,PHS,9,Power,0.0
FR,H2Tank,59,H2,238.24011654591644
UK,Battery,75,Power,4.355263529204674
DE,H2Tank,34,H2,94.75591628193982
DE,PHS,81,Power,0.0
NO,PHS,42,Power,0.0
FR,H2Tank,50,H2,0.0
DK,PHS,44,Power,0.0
UK,Battery,96,Power,12.7100925123345
DK,PHS,70,Power,0.0
NO,H2Tank,66,H2,3.0990729380911635
FR,Battery,37,Power,0.0
DE,Battery,41,Power,3.313624905472142
DE,Battery,43,Power,3.312962213627297
DE,Battery,115,Power,3.048017695329366
DK,Battery,37,Power,1.2959390328367826
NO,PHS,67,Power,0.0
DE,Battery,75,Power,0.0
DK,H2Tank,114,H2,50.68050411880787
UK,PHS,95,Power,0.0
FR,H2Tank,100,H2,217.1219289391682
UK,H2Tank,118,H2,55.67715633630039
NO,PHS,44,Power,0.0
NO,H2Tank,86,H2,2.281875905297097
NO,PHS,17,Power,0.0
DK,PHS,53,Power,0.0
NO,Battery,45,Power,0.0
DK,Battery,42,Power,0.7031419797306023
UK,H2Tank,110,H2,56.15351602615779
DE,Battery,96,Power,3.0538147242402065
DE,PHS,7,Power,0.0
NO,PHS,16,Power,0.0
NO,PHS,74,Power,0.0
UK,Battery,55,Power,4.363983209027459
DE,PHS,84,Power,0.0
DK,PHS,92,Power,0.0
FR,Battery,60,Power,5.541275653771895
DK,H2Tank,13,H2,22.917072177036268
DE,Battery,27,Power,0.0
DK,Battery,41,Power,1.7619187049344291
DK,PHS,34,Power,0.0
NO,H2Tank,96,H2,1.5089693684210497
NO,Battery,29,Power,0.0
DE,H2Tank,84,H2,150.80342021939128
FR,Battery,77,Power,6.252133680662373
FR,H2Tank,102,H2,233.49118785933481
NO,H2Tank,81,H2,10.176612747402364
NO,Battery,64,Power,0.0
NO,H2Tank,14,H2,1.3082041806877138
NO,H2Tank,39,H2,3.6827365467836244
UK,H2Tank,78,H2,42.879446036013874
NO,PHS,8,Power,0.0
UK,PHS,27,Power,0.0
FR,Battery,54,Power,0.0
DE,Battery,62,Power,2.170426086139223
DK,H2Tank,45,H2,7.01754385964912
DE,Battery,39,Power,3.314287729875239
DK,PHS,60,Power,0.0
UK,H2Tank,74,H2,0.0
DK,PHS,105,Power,0.0
UK,Battery,71,Power,4.357006070229828
DE,Battery,77,Power,0.0
FR,PHS,84,Power,0.0
NO,H2Tank,52,H2,1.6760708732826903
DE,H2Tank,58,H2,148.6983653239404
UK,H2Tank,92,H2,88.0830155602915
NO,PHS,60,Power,0.0
DK,H2Tank,24,H2,3.618826563001157
DK,PHS,106,Power,0.0
UK,H2Tank,24,H2,0.0
NO,H2Tank,20,H2,0.0
DK,H2Tank,63,H2,56.79800807720174
FR,PHS,15,Power,0.0
DK,PHS,78,Power,0.0
FR,PHS,31,Power,0.0
NO,Battery,5,Power,0.0
DK,PHS,10,Power,0.0
UK,PHS,42,Power,0.0
DE,H2Tank,95,H2,109.01985450049891
DE,PHS,108,Power,0.0
DE,PHS,46,Power,0.0
DE,H2Tank,13,H2,28.700853314218847
UK,Battery,16,Power,0.5169178726818224
DK,PHS,55,Power,0.0
UK,Battery,84,Power,12.725354541849663
FR,PHS,26,Power,0.0
UK,Battery,22,Power,0.0
NO,Battery,65,Power,0.0
UK,Battery,21,Power,0.0
UK,Battery,54,Power,4.3644196509925575
NO,Battery,102,Power,0.0
NO,H2Tank,117,H2,7.467555773222223
FR,Battery,50,Power,0.0
NO,Battery,77,Power,0.0
NO,PHS,81,Power,0.0
UK,Battery,28,Power,0.0
UK,PHS,16,Power,0.0
UK,Battery,41,Power,4.370097370147336
FR,PHS,71,Power,0.0
NO,H2Tank,94,H2,1.508969368421049
DK,PHS,97,Power,0.0
DK,Battery,87,Power,8.455237721416063
UK,PHS,61,Power,0.0
FR,Battery,19,Power,0.0
DE,PHS,15,Power,0.0
DK,H2Tank,85,H2,69.24563886628658
FR,H2Tank,3,H2,135.97170599856537
DE,H2Tank,21,H2,8.618087372898904
NO,Battery,68,Power,0.0
NO,PHS,64,Power,0.0
NO,PHS,79,Power,0.0
NO,H2Tank,110,H2,0.0
UK,PHS,20,Power,0.0
NO,H2Tank,70,H2,3.0990729380911617
UK,Battery,53,Power,4.364856136606218
NO,Battery,10,Power,0.0
UK,H2Tank,16,H2,26.83315344315979
UK,H2Tank,61,H2,79.89038050789466
DE,PHS,8,Power,0.0
DE,H2Tank,87,H2,141.99738929376295
DK,H2Tank,2,H2,42.21531779107142
UK,Battery,20,Power,0.5167111365457546
NO,H2Tank,2,H2,11.24989811688888
FR,H2Tank,64,H2,194.38046742310922
DK,Battery,78,Power,11.925016500822272
DE,PHS,120,Power,0.0
DE,H2Tank,99,H2,101.75235472535462
UK,H2Tank,33,H2,22.515153650542022
DE,Battery,120,Power,3.046493991252992
DE,H2Tank,83,H2,151.1454595509377
DK,H2Tank,91,H2,63.6463005926023
NO,PHS,58,Power,0.0
DE,H2Tank,64,H2,108.2864543239402
UK,Battery,111,Power,7.293700162526791
NO,H2Tank,24,H2,0.0
FR,Battery,1,Power,9.237306791938476
FR,Battery,27,Power,0.0
NO,Battery,81,Power,0.0
DK,Battery,96,Power,0.0
NO,PHS,10,Power,0.0
FR,Battery,98,Power,9.258578113786305
FR,H2Tank,65,H2,185.6085375985478
FR,PHS,95,Power,0.0
DE,H2Tank,113,H2,79.97738720736513
NO,Battery,110,Power,0.0
DE,H2Tank,77,H2,113.66648939097975
DK,Battery,28,Power,1.2971059613527953
FR,Battery,25,Power,0.0
FR,Battery,28,Power,0.0
FR,H2Tank,7,H2,100.88398670031982
DK,PHS,100,Power,0.0
FR,Battery,110,Power,9.24747392867489
NO,Battery,74,Power,0.0
FR,Battery,71,Power,2.4366713720336226
DK,Battery,102,Power,26.407384957815736
DE,H2Tank,36,H2,88.4589212714135
FR,Battery,64,Power,2.4383777244667626
DE,Battery,73,Power,0.0
DK,Battery,35,Power,1.2961982595267059
DK,H2Tank,70,H2,44.517306322815706
UK,Battery,2,Power,10.798460103832035
NO,PHS,119,Power,0.0
DE,H2Tank,50,H2,22.631433947499993
FR,Battery,4,Power,0.0
NO,PHS,96,Power,0.0
DK,H2Tank,43,H2,10.526315789473676
DK,PHS,89,Power,0.0
FR,PHS,75,Power,0.0
NO,Battery,120,Power,0.0
DE,PHS,64,Power,0.0
UK,H2Tank,88,H2,90.53963086996917
DK,Battery,108,Power,8.676496462795402
UK,Battery,6,Power,0.0
DE,PHS,53,Power,0.0
NO,Battery,11,Power,0.0
DK,Battery,33,Power,1.2964575380697445
FR,PHS,104,Power,0.0
UK,H2Tank,94,H2,88.08301556029146
DK,Battery,112,Power,11.64059781353998
FR,PHS,117,Power,0.0
NO,Battery,33,Power,0.0
FR,Battery,22,Power,0.0
DE,PHS,77,Power,0.0
FR,Battery,20,Power,0.0
DE,H2Tank,22,H2,8.618087372898902
NO,Battery,119,Power,0.0
DK,PHS,93,Power,0.0
DE,Battery,53,Power,0.0
NO,H2Tank,25,H2,0.0
NO,Battery,98,Power,0.0
NO,PHS,107,Power,0.0
DK,PHS,76,Power,0.0
FR,Battery,5,Power,0.0
DE,H2Tank,96,H2,102.004628484742
FR,Battery,101,Power,9.255800818100253
UK,Battery,8,Power,0.0
NO,Battery,76,Power,0.0
DK,PHS,23,Power,0.0
NO,H2Tank,60,H2,3.0990729380911657
DK,PHS,104,Power,0.0
DE,H2Tank,49,H2,0.0
DE,PHS,23,Power,0.0
NO,H2Tank,50,H2,1.676070873282691
FR,H2Tank,74,H2,120.83931173797293
DE,Battery,8,Power,0.0
UK,Battery,117,Power,7.2893250363384405
NO,Battery,21,Power,0.0
DK,Battery,76,Power,9.213856150871612
DE,H2Tank,39,H2,72.26628029093368
NO,H2Tank,61,H2,3.0990729380911652
FR,Battery,115,Power,9.242851116365477
DK,H2Tank,58,H2,46.75607131724936
NO,Battery,105,Power,0.0
UK,PHS,69,Power,0.0
NO,PHS,70,Power,0.0
DK,H2Tank,53,H2,22.326346469916416
UK,Battery,25,Power,0.0
NO,H2Tank,74,H2,3.099072938091161
DE,Battery,86,Power,3.056870219234603
DE,PHS,106,Power,0.0
NO,Battery,99,Power,0.0
FR,PHS,88,Power,0.0
NO,Battery,1,Power,0.0
DE,PHS,83,Power,0.0
DK,H2Tank,50,H2,4.755654265416666
FR,PHS,59,Power,0.0
FR,PHS,24,Power,0.0
DK,PHS,26,Power,0.0
DK,H2Tank,94,H2,59.50482729084788
DK,H2Tank,111,H2,53.79253634687807
NO,Battery,78,Power,0.0
DK,Battery,47,Power,0.7027904790479038
DK,PHS,102,Power,0.0
NO,H2Tank,79,H2,12.449778152665525
DK,PHS,28,Power,0.0
NO,PHS,47,Power,0.0
UK,H2Tank,79,H2,49.88631526263887
